"","text"
"1"," hukum  ngambilan vaksin covid      wajib  golongan   ditetaan  hak "
"2","vaksin astrazeneca  manjur lawan varian covid  afrika selatan "
"3","penyebar informasi hoaks  disebarkan  orangorang   memiliki kasitas  ngetahuan  cukut "
"4","  februari  tnb  jaminan tiada gangguan bekalan elektrik   lokasi nyimnan vaksin covid "
"5"," coronavac   dikenal vaksin sinovac diijinkan  bpom  nduduk usia  dg interval nyuntikan   "
"6","   vaksin covid  dirolehi  melibatkan kanakkanak kena   adakah vaksin terse"
"7"," coronavac   dikenal vaksin sinovac diijinkan  bpom  nduduk usia  dg interval nyuntikan   "
"8","kalsek muara pawan  bagus tri baskoro  muska kecamatan muara pawan bersatu  bersinergi melawan co "
"9","m  vaksin rumus  indonesia terbebas pandemi covid "
"10","   tenaga kesehatan   suntik vaksin covid pagi  sore   dki jakarta  mengadakan vaksi"
"11","m  vaksin rumus  indonesia terbebas pandemi covid "
"12"," mengenal ti vaksin covid menurutwho "
"13","m  vaksin rumus  indonesia terbebas pandemi covid "
"14","buti ponorogo vaksin covid  disiin prokes kunci  pandemi  timesindonesia "
"15"," hukum  ngambilan vaksin covid      wajib  golongan   ditetaan  hak "
"16"," hukum  ngambilan vaksin covid      wajib  golongan   ditetaan  hak "
"17"," mengenal ti vaksin covid menurutwho "
"18","who  ra odusen vaksin covid  meningkatkan oduksi  signifikan  mendesak negaranegara "
"19"," hukum  ngambilan vaksin covid      wajib  golongan   ditetaan  hak "
"20"," coronavac   dikenal vaksin sinovac diijinkan  bpom  nduduk usia  dg interval nyuntikan   "
"21","  reinfeksi sdh terbukti vaksin  antibodi  hilang dr tubuh  stlh bebera   "
"22","ngobrol  milik warteg  mengeluhkan warungnya    covid  melanda omsetnya turun  bu "
"23"," coronavac   dikenal vaksin sinovac diijinkan  bpom  nduduk usia  dg interval nyuntikan   "
"24","china  persetujuan bersyarat vaksin covid  "
"25"," hukum  ngambilan vaksin covid      wajib  golongan   ditetaan  hak "
"26","vaksin covid sinovac lulus njualanbersyarat "
"27"," vaksinasi covid  aman  pandemi merukan musuh      dunia  nusantara  selur"
"28"," hukum  ngambilan vaksin covid      wajib  golongan   ditetaan  hak "
"29","    artikel  kunci banyaknya vaksinasi    us   libatan atek  temt "
"30"," hukum  ngambilan vaksin covid      wajib  golongan   ditetaan  hak "
"31","kawan  ni dah la vaksin  rcaya lestu  virus covid ni nghancur umat islam agenda yahudi hm "
"32","masyarakat    kelomk berisiko   mendat vaksin covid "
"33","pemerintah tiongkok  kesiannya meningkatkan kerja   bidang vaksin  indonesia  membantu m "
"34","pad bintan turun drastis sekda anggaran covid jagajaga  vaksin  pen  via "
"35"," vaksin covid  dirolehi  melibatkan kanakkanak kena   adakah vaksin   kegunaan had umur ter"
"36"," hukum  ngambilan vaksin covid      wajib  golongan   ditetaan  hak "
"37"," mengenal ti vaksin covid menurutwho "
"38","   vaksin covid  dirolehi  melibatkan kanakkanak kena   adakah vaksin terse"
"39"," coronavac   dikenal vaksin sinovac diijinkan  bpom  nduduk usia  dg interval nyuntikan   "
"40"," platform lacakan sebaran virus corona  merintah pedulilindungi  mendat tambahan fitur registrasi  sert"
"41"," kementerian kesihatan kkm  bersedia  melaksanakan pelan imunisasi covid kebangsaan fasa rtama  bek"
"42"," kementerian kesihatan kkm  bersedia  melaksanakan pelan imunisasi covid kebangsaan fasa rtama  beka"
"43"," golongan   keutamaan  menerima vaksin covid   covid kitamestimenang sihatmilikku "
"44"," hukum  ngambilan vaksin covid      wajib  golongan   ditetaan  hak "
"45"," hukum  ngambilan vaksin covid      wajib  golongan   ditetaan  hak "
"46"," coronavac   dikenal vaksin sinovac diijinkan  bpom  nduduk usia  dg interval nyuntikan   "
"47","  bekalan vaksin covid  dirolehi  komunikasikita  vaksincovid jabatanpenerangan "
"48"," adakah vaksin covid   keda individu  rnah dijangkiti covid  komunikasikita  vaksincovid "
"49","ayo so neh ta kudu vaksin covid sek lho ya "
"50"," vaksin covid  dirolehi  melibatkan kanakkanak kena   adakah vaksin   kegunaan had umur ter"
"51"," hukum  ngambilan vaksin covid      wajib  golongan   ditetaan  hak "
"52"," hukum  ngambilan vaksin covid      wajib  golongan   ditetaan  hak "
"53","   artikel  kunci banyaknya vaksinasi    us   libatan atek  "
"54","bio farma meluluskan vaksin   golongan berusia  an   darurat fmtnews covid  "
"55"," coronavac   dikenal vaksin sinovac diijinkan  bpom  nduduk usia  dg interval nyuntikan   "
"56"," hukum  ngambilan vaksin covid      wajib  golongan   ditetaan  hak "
"57","guru wajar diutamakan  mberian vaksin menerusi program imunisasi kebangsaan covid   hujung bul "
"58"," hukum  ngambilan vaksin covid      wajib  golongan   ditetaan  hak "
"59"," vaksin covid  dirolehi  melibatkan kanakkanak kena   adakah vaksin   kegunaan had umur ter"
"60"," studi suntikan  vaksin  penyintas covid  efektif dibanding orang   terr "
"61"," platform lacakan sebaran virus corona  merintah pedulilindungi  mendat tambahan fitur registrasi  sert"
"62"," mengenal ti vaksin covid menurutwho "
"63"," proses nyediaan vaksin  rakyat malaysia  giat dijalankan   negara bebas  belenggu ndemik c"
"64"," kisah satgas covid sikka bertaruh nyawa  distribusikan vaksin covid   cari berita  klik"
"65","  vaksin comirnaty bertindak   tubuh badan bolehkan vaksin comirnaty mengubah dna  genetik "
"66"," hukum  ngambilan vaksin covid      wajib  golongan   ditetaan  hak "
"67","mudah  praktis   cek penerima vaksin covid "
"68"," coronavac   dikenal vaksin sinovac diijinkan  bpom  nduduk usia  dg interval nyuntikan   "
"69","  vaksin covid  dirolehi  melibatkan kanakkanak kena   adakah vaksin "
"70","golongan   keutamaan  menerima vaksin covid   covid kitamestimenang sihatmilikku "
"71"," adakah vaksin covid   keda individu  rnah dijangkiti covid  komunikasikita  vaksincovid "
"72"," platform lacakan sebaran virus corona  merintah pedulilindungi  mendat tambahan fitur registrasi  sert"
"73","studi suntikan  vaksin  penyintas covid  efektif dibanding orang   terr "
"74"," mengenal ti vaksin covid menurutwho "
"75"," hukum  ngambilan vaksin covid      wajib  golongan   ditetaan  hak "
"76"," hukum  ngambilan vaksin covid      wajib  golongan   ditetaan  hak "
"77","kumlan    suntikan  fasa ketiga seles barisan hadan meliti  orang  kumlan ber "
"78","ayo lindungi   keluarga  vaksin covid   "
"79","  vaksin covid   dat membantu indonesia  ncegahan  nularan virus covid   indo "
"80","golongan   keutamaan  menerima vaksin covid   covid kitamestimenang sihatmilikku "
"81","platform lacakan sebaran virus corona  merintah pedulilindungi  mendat tambahan fitur registrasi da "
"82"," hukum  ngambilan vaksin covid      wajib  golongan   ditetaan  hak "
"83","vaksin covid indonesia luluskan coronavac buatan sinovac  wargaemas "
"84"," dr  brharadg  rtisisi nakes yg  dlm vaksinasi covid d mnjadi contoh nyata  telada"
"85"," hukum  ngambilan vaksin covid      wajib  golongan   ditetaan  hak "
"86","  pahami gejalanya larkan ketenaga medis   hotline vaksin covid jateng  jaga kelua "
"87"," hukum  ngambilan vaksin covid      wajib  golongan   ditetaan  hak "
"88","    tenaga kesehatan   suntik vaksin covid pagi  sore   dki "
"89","  vaksin comirnaty bertindak   tubuh badan bolehkan vaksin comirnaty mengubah dna  genetik "
"90"," vaksin covid  dirolehi  melibatkan kanakkanak kena   adakah vaksin   kegunaan had umur ter"
"91"," hukum  ngambilan vaksin covid      wajib  golongan   ditetaan  hak "
"92","semt tunda  nakes tabanan ikuti gebyar vaksin covid  berita nusabali vaksincorona "
"93"," hasil uji   vaksin covid buatan oxfordastrazeneca  rlindungan terbatas da varian virus co"
"94"," vaksin covid  dirolehi  melibatkan kanakkanak kena   adakah vaksin   kegunaan had umur ter"
"95"," hukum  ngambilan vaksin covid      wajib  golongan   ditetaan  hak "
"96","  tenaga kesehatan   suntik vaksin covid pagi  sore   dki jakarta  mengadaka "
"97","positif covid    vaksin     njelasanya  "
"98","  bekalan vaksin covid  dirolehi  komunikasikita  vaksincovid jabatanpenerangan "
"99"," adakah vaksin covid   keda individu  rnah dijangkiti covid  komunikasikita  vaksincovid "
"100","dr noran naqiah mohd hairi  walaun vaksin   alat nting  rang melawan covid  tid "
"101"," vaksin covid  dirolehi  melibatkan kanakkanak kena   adakah vaksin   kegunaan had umur ter"
"102"," adakah vaksin covid   keda individu  rnah dijangkiti covid  komunikasikita  vaksincovid "
"103"," vaksin covid  dirolehi  melibatkan kanakkanak kena   adakah vaksin   kegunaan had umur ter"
"104"," hukum  ngambilan vaksin covid      wajib  golongan   ditetaan  hak "
"105"," coronavac   dikenal vaksin sinovac diijinkan  bpom  nduduk usia  dg interval nyuntikan   "
"106"," hukum  ngambilan vaksin covid      wajib  golongan   ditetaan  hak "
"107"," coronavac   dikenal vaksin sinovac diijinkan  bpom  nduduk usia  dg interval nyuntikan   "
"108","   kekalutan menghada ndemi negara tibatiba   temt menaruh hara "
"109","  februari  program imunisasi covid kebangsaan    memnyai sebarang soalan  keraguan  vaksin  prog"
"110","  melakukannya   covid  menyerang  vaksin   mam mengembalikan dunia   "
"111"," vaksin covid  dirolehi  melibatkan kanakkanak kena   adakah vaksin   kegunaan had umur ter"
"112"," vaksin covid  dirolehi  melibatkan kanakkanak kena   adakah vaksin   kegunaan had umur ter"
"113"," kementerian kesihatan kkm  bersedia  melaksanakan pelan imunisasi covid kebangsaan fasa rtama  bek"
"114","  bekalan vaksin covid  dirolehi  komunikasikita  vaksincovid jabatanpenerangan "
"115"," adakah vaksin covid   keda individu  rnah dijangkiti covid  komunikasikita  vaksincovid "
"116"," hukum  ngambilan vaksin covid      wajib  golongan   ditetaan  hak "
"117"," vaksin covid  dirolehi  melibatkan kanakkanak kena   adakah vaksin   kegunaan had umur ter"
"118","  tenaga kesehatan   suntik vaksin covid pagi  sore   dki jakarta  mengadaka "
"119"," coronavac   dikenal vaksin sinovac diijinkan  bpom  nduduk usia  dg interval nyuntikan   "
"120","mudah  praktis   cek penerima vaksin covid  "
"121","kisah satgas covid sikka bertaruh nyawa  distribusikan vaksin covid   cari berita "
"122"," hukum  ngambilan vaksin covid      wajib  golongan   ditetaan  hak "
"123"," hukum  ngambilan vaksin covid      wajib  golongan   ditetaan  hak "
"124"," bpom izinkan vaksin covid sinovac  lansia interval penyuntikan   "
"125"," pendirian kerajaan berdasarkan kenyataan pfizerbiontech   amaran bahawa tiada data  menyokong keselamatan"
"126","  bekalan vaksin covid  dirolehi  komunikasikita  vaksincovid jabatanpenerangan "
"127"," adakah vaksin covid   keda individu  rnah dijangkiti covid  komunikasikita  vaksincovid "
"128","bahan aktif  berasal  astrazenecayang   china sabtu  "
"129","  nak  vaksin covid  ling berkesan    elakkan s sahaja "
"130"," hukum  ngambilan vaksin covid      wajib  golongan   ditetaan  hak "
"131"," sinovac  vaksin   sinoarm yg mendat rsetujuan     china  sinovac "
"132"," vaksin covid  dirolehi  melibatkan kanakkanak kena   adakah vaksin   kegunaan had umur ter"
"133"," berdasarkan mberitaan reuters bpom   menyetujui mberian vaksin covid buatan sinovac  lansia "
"134","berdasarkan mberitaan reuters bpom   menyetujui mberian vaksin covid buatan sinovac  lansi "
"135"," hukum  ngambilan vaksin covid      wajib  golongan   ditetaan  hak "
"136"," hukum  ngambilan vaksin covid      wajib  golongan   ditetaan  hak "
"137"," adakah vaksin covid   keda individu  rnah dijangkiti covid  komunikasikita  vaksincovid "
"138","dokter nanggung   nakes  meninggal  dengue shock syndrome dss  demam berdarah "
"139"," mengenal ti vaksin covid menurutwho "
"140","vaksin covid  diujikan da varian virus corona afrika selatan a hasilnya halaman all  koms  "
"141"," vaksin covid  dirolehi  melibatkan kanakkanak kena   adakah vaksin   kegunaan had umur ter"
"142","vaksin covid  diujikan da varian virus corona afrika selatan a hasilnya halaman all koms "
"143"," vaksin covid  dirolehi  melibatkan kanakkanak kena   adakah vaksin   kegunaan had umur ter"
"144"," hukum  ngambilan vaksin covid      wajib  golongan   ditetaan  hak "
"145"," program imunisasi covid kebangsaan lakar sejarah  lan vaksinasi terbesar  rnah dilaksanakan  bidang"
"146","program imunisasi covid kebangsaan lakar sejarah  lan vaksinasi terbesar  rnah dilaksanakan  "
"147"," vaksin covid  dirolehi  melibatkan kanakkanak kena   adakah vaksin   kegunaan had umur ter"
"148","  negara  mulakan ogram vaksin covid  berita nuh    muzik "
"149"," vaksin covid  dirolehi  melibatkan kanakkanak kena   adakah vaksin   kegunaan had umur ter"
"150","vaksin covid  dirolehi  melibatkan kanakkanak kena   adakah vaksin   kegunaan had u "
"151","stnik v vaksin covid rusia taml  mencuat  kemelut pasokan vaksin dunia  "
"152","mengenal ti vaksin covid menurutwho "
"153","mengenal ti vaksin covid menurutwho "
"154"," hukum  ngambilan vaksin covid      wajib  golongan   ditetaan  hak "
"155"," dr  brharadg  rtisisi nakes yg  dlm vaksinasi covid d mnjadi contoh nyata  telada"
"156"," dr  brharadg  rtisisi nakes yg  dlm vaksinasi covid d mnjadi contoh nyata  telada"
"157","semoga memrbanyak yg divaksin  dircet vaksinasinya    bpom ri dikabarkan memberika "
"158","  negara  mulakan ogram vaksin covid  berita nuh    muzik "
"159","hasil uji   vaksin covid buatan oxfordastrazeneca  rlindungan terbatas da varian v "
"160"," negara  mulakan ogram vaksin covid  berita nuh    muzik "
"161","hamr  ribu tenaga kesehatan indonesia  mendat suntikan vaksin covid  "
"162"," hukum  ngambilan vaksin covid      wajib  golongan   ditetaan  hak "
"163"," coronavac   dikenal vaksin sinovac diijinkan  bpom  nduduk usia  dg interval nyuntikan   "
"164"," hukum  ngambilan vaksin covid      wajib  golongan   ditetaan  hak "
"165"," hukum  ngambilan vaksin covid      wajib  golongan   ditetaan  hak "
"166"," hukum  ngambilan vaksin covid      wajib  golongan   ditetaan  hak "
"167"," coronavac   dikenal vaksin sinovac diijinkan  bpom  nduduk usia  dg interval nyuntikan   "
"168"," vaksin virus komunis tiongkok  covid lsu  dijual   ovinsi  kota  tiongkok   berwenang ti"
"169"," hukum  ngambilan vaksin covid      wajib  golongan   ditetaan  hak "
"170"," hukum  ngambilan vaksin covid      wajib  golongan   ditetaan  hak "
"171","  ya tetasitif covid    vaksin  alasannya simak vidio    sumber  "
"172"," hukum  ngambilan vaksin covid      wajib  golongan   ditetaan  hak "
"173","    disuntik vaksin buti sleman umumkan positif covid "
"174"," hukum  ngambilan vaksin covid      wajib  golongan   ditetaan  hak "
"175"," coronavac   dikenal vaksin sinovac diijinkan  bpom  nduduk usia  dg interval nyuntikan   "
"176"," hukum  ngambilan vaksin covid      wajib  golongan   ditetaan  hak "
"177"," hukum  ngambilan vaksin covid      wajib  golongan   ditetaan  hak "
"178"," hukum  ngambilan vaksin covid      wajib  golongan   ditetaan  hak "
"179"," hukum  ngambilan vaksin covid      wajib  golongan   ditetaan  hak "
"180","emaadiri   ni kawankawan  pkp ni    banyakbanyak simnan      "
"181"," vaksin sinovac    oses inokulasi  kecemasan  kalangan kumlan   julai  les"
"182","  la duluan vaksin   orang yahudi  dakwa suntikan vaksin covid  ubah lelaki suka kaum sejenis via "
"183","pelaksanaan vaksinasi covid dibagi  emt tahadengan target  juta nduduk "
"184","koordinasi  merintah sat merintah daerah  masyarakat memegang ranan nting   kua "
"185"," hukum  ngambilan vaksin covid      wajib  golongan   ditetaan  hak "
"186","vaksin sinovac    oses inokulasi  kecemasan  kalangan kumlan   julai t "
"187"," dr  brharadg  rtisisi nakes yg  dlm vaksinasi covid d mnjadi contoh nyata  telada"
"188","mvaksin  rumus  indonesia terbebas pandemi virus covid  vaksinasinasional dukungvaksinasi "
"189"," kementerian kesihatan kkm  bersedia  melaksanakan pelan imunisasi covid kebangsaan fasa rtama  bek"
"190","   adakah vaksin covid   keda individu  rnah dijangkiti covid  k"
"191"," adakah vaksin covid   keda individu  rnah dijangkiti covid  komunikasikita  vaksincovid "
"192","    bekalan vaksin covid  dirolehi  komunikasikita  vaksincovid jabatanp"
"193","  bekalan vaksin covid  dirolehi  komunikasikita  vaksincovid jabatanpenerangan "
"194"," coronavac   dikenal vaksin sinovac diijinkan  bpom  nduduk usia  dg interval nyuntikan   "
"195","    disuntik vaksin buti sleman umumkan positif covid "
"196","mvaksin  rumus  indonesia terbebas pandemi virus covid  vaksinasinasional dukungvaksinasi "
"197"," hukum  ngambilan vaksin covid      wajib  golongan   ditetaan  hak "
"198"," coronavac   dikenal vaksin sinovac diijinkan  bpom  nduduk usia  dg interval nyuntikan   "
"199","mvaksin  rumus  indonesia terbebas pandemi virus covid  vaksinasinasional dukungvaksinasi "
"200"," coronavac   dikenal vaksin sinovac diijinkan  bpom  nduduk usia  dg interval nyuntikan   "
"201"," hukum  ngambilan vaksin covid      wajib  golongan   ditetaan  hak "
"202"," dr  brharadg  rtisisi nakes yg  dlm vaksinasi covid d mnjadi contoh nyata  telada"
"203"," coronavac   dikenal vaksin sinovac diijinkan  bpom  nduduk usia  dg interval nyuntikan   "
"204"," hukum  ngambilan vaksin covid      wajib  golongan   ditetaan  hak "
"205"," dr  brharadg  rtisisi nakes yg  dlm vaksinasi covid d mnjadi contoh nyata  telada"
"206"," hukum  ngambilan vaksin covid      wajib  golongan   ditetaan  hak "
"207","  bekalan vaksin covid  dirolehi  komunikasikita  vaksincovid jabatanpenerangan "
"208"," adakah vaksin covid   keda individu  rnah dijangkiti covid  komunikasikita  vaksincovid "
"209","darah hewan  berwarna biru  bahan vaksin covid harganya  r jutaangalon info "
"210","  bekalan vaksin covid  dirolehi  komunikasikita  vaksincovid jabatanpenerangan "
"211"," adakah vaksin covid   keda individu  rnah dijangkiti covid  komunikasikita  vaksincovid "
"212"," jaminan darida duta eu  belgium lan imunisasi covid dijangka diteruskan serti  dirancangkan  jawatan"
"213","  merukan  fasa mberian vaksin mengikut pelan imunisasi covid kebangsaan   dirangka  kementeria"
"214"," pendirian kerajaan berdasarkan kenyataan pfizerbiontech   amaran bahawa tiada data  menyokong keselamatan"
"215"," kementerian kesihatan kkm  bersedia  melaksanakan pelan imunisasi covid kebangsaan fasa rtama  bek"
"216","      akah  vaksin   menyeru masyarakat  samasama menerima suntikan vaksin covid nan"
"217"," coronavac   dikenal vaksin sinovac diijinkan  bpom  nduduk usia  dg interval nyuntikan   "
"218"," hukum  ngambilan vaksin covid      wajib  golongan   ditetaan  hak "
"219"," hukum  ngambilan vaksin covid      wajib  golongan   ditetaan  hak "
"220"," hukum  ngambilan vaksin covid      wajib  golongan   ditetaan  hak "
"221"," coronavac   dikenal vaksin sinovac diijinkan  bpom  nduduk usia  dg interval nyuntikan   "
"222"," hukum  ngambilan vaksin covid      wajib  golongan   ditetaan  hak "
"223"," hukum  ngambilan vaksin covid      wajib  golongan   ditetaan  hak "
"224"," bpom ri dikabarkan  izin nggunaan vaksin covid buatan sinovacbiotech da lansia persetujuan  ter"
"225"," hukum  ngambilan vaksin covid      wajib  golongan   ditetaan  hak "
"226"," hukum  ngambilan vaksin covid      wajib  golongan   ditetaan  hak "
"227","penyintas covid berisiko terkena efek samng parah  vaksin "
"228"," hukum  ngambilan vaksin covid      wajib  golongan   ditetaan  hak "
"229"," hukum  ngambilan vaksin covid      wajib  golongan   ditetaan  hak "
"230"," coronavac   dikenal vaksin sinovac diijinkan  bpom  nduduk usia  dg interval nyuntikan   "
"231"," hukum  ngambilan vaksin covid      wajib  golongan   ditetaan  hak "
"232"," dr  brharadg  rtisisi nakes yg  dlm vaksinasi covid d mnjadi contoh nyata  telada"
"233"," bahan baku gelombang rtama  kedatangan tahaketiga vaksin covid      juta dosis  mu"
"234"," tahakedua vaksinasi covid      juta tugas blik    tersedia  juta dosis "
"235"," hukum  ngambilan vaksin covid      wajib  golongan   ditetaan  hak "
"236","   nya vaksin ni    ni   prihatin rakyat darurat memerangi covid   vaksin  ni "
"237"," hukum  ngambilan vaksin covid      wajib  golongan   ditetaan  hak "
"238"," coronavac   dikenal vaksin sinovac diijinkan  bpom  nduduk usia  dg interval nyuntikan   "
"239"," proses nyediaan vaksin  rakyat malaysia  giat dijalankan   negara bebas  belenggu ndemik c"
"240","sinovac  vaksin   sinoarm yg mendat rsetujuan     china  s "
"241","china izinkan vaksin covid sinovac  penggunaan  "
"242"," hukum  ngambilan vaksin covid      wajib  golongan   ditetaan  hak "
"243"," hukum  ngambilan vaksin covid      wajib  golongan   ditetaan  hak "
"244"," coronavac   dikenal vaksin sinovac diijinkan  bpom  nduduk usia  dg interval nyuntikan   "
"245"," hukum  ngambilan vaksin covid      wajib  golongan   ditetaan  hak "
"246"," hukum  ngambilan vaksin covid      wajib  golongan   ditetaan  hak "
"247"," hukum  ngambilan vaksin covid      wajib  golongan   ditetaan  hak "
"248"," hukum  ngambilan vaksin covid      wajib  golongan   ditetaan  hak "
"249"," hukum  ngambilan vaksin covid      wajib  golongan   ditetaan  hak "
"250"," hukum  ngambilan vaksin covid      wajib  golongan   ditetaan  hak "
"251"," coronavac   dikenal vaksin sinovac diijinkan  bpom  nduduk usia  dg interval nyuntikan   "
"252"," hukum  ngambilan vaksin covid      wajib  golongan   ditetaan  hak "
"253"," coronavac   dikenal vaksin sinovac diijinkan  bpom  nduduk usia  dg interval nyuntikan   "
"254"," hukum  ngambilan vaksin covid      wajib  golongan   ditetaan  hak "
"255"," hukum  ngambilan vaksin covid      wajib  golongan   ditetaan  hak "
"256"," coronavac   dikenal vaksin sinovac diijinkan  bpom  nduduk usia  dg interval nyuntikan   "
"257","  bekalan vaksin covid  dirolehi  komunikasikita  vaksincovid jabatanpenerangan "
"258"," coronavac   dikenal vaksin sinovac diijinkan  bpom  nduduk usia  dg interval nyuntikan   "
"259"," hukum  ngambilan vaksin covid      wajib  golongan   ditetaan  hak "
"260"," coronavac   dikenal vaksin sinovac diijinkan  bpom  nduduk usia  dg interval nyuntikan   "
"261"," awaniringkas  februari    am   individu divaksin melebihi angka jangkitan global   vaksin covid tentera as dike"
"262"," hukum  ngambilan vaksin covid      wajib  golongan   ditetaan  hak "
"263"," coronavac   dikenal vaksin sinovac diijinkan  bpom  nduduk usia  dg interval nyuntikan   "
"264","afrika putus asa   vaksin covid tuduh ero menimbun vaksin berharabantuan negara   berbaik "
"265"," salah menteri kesehatan thailand menangis  disuntik vaksin covid    menteri kesehatan thaliand anutin char"
"266"," coronavac   dikenal vaksin sinovac diijinkan  bpom  nduduk usia  dg interval nyuntikan   "
"267"," coronavac   dikenal vaksin sinovac diijinkan  bpom  nduduk usia  dg interval nyuntikan   "
"268"," hukum  ngambilan vaksin covid      wajib  golongan   ditetaan  hak "
"269"," coronavac   dikenal vaksin sinovac diijinkan  bpom  nduduk usia  dg interval nyuntikan   "
"270"," hukum  ngambilan vaksin covid      wajib  golongan   ditetaan  hak "
"271"," coronavac   dikenal vaksin sinovac diijinkan  bpom  nduduk usia  dg interval nyuntikan   "
"272","vaksin covid sinovac berhasil resn kekebalan da lansia afrika putus asa  dat vaksin   "
"273"," hukum  ngambilan vaksin covid      wajib  golongan   ditetaan  hak "
"274"," coronavac   dikenal vaksin sinovac diijinkan  bpom  nduduk usia  dg interval nyuntikan   "
"275"," coronavac   dikenal vaksin sinovac diijinkan  bpom  nduduk usia  dg interval nyuntikan   "
"276","   paham  vaksin   paham  asbun  vaksin  diuji halal d "
"277"," hukum  ngambilan vaksin covid      wajib  golongan   ditetaan  hak "
"278"," coronavac   dikenal vaksin sinovac diijinkan  bpom  nduduk usia  dg interval nyuntikan   "
"279"," hukum  ngambilan vaksin covid      wajib  golongan   ditetaan  hak "
"280"," coronavac   dikenal vaksin sinovac diijinkan  bpom  nduduk usia  dg interval nyuntikan   "
"281"," coronavac   dikenal vaksin sinovac diijinkan  bpom  nduduk usia  dg interval nyuntikan   "
"282"," hukum  ngambilan vaksin covid      wajib  golongan   ditetaan  hak "
"283"," hukum  ngambilan vaksin covid      wajib  golongan   ditetaan  hak "
"284"," coronavac   dikenal vaksin sinovac diijinkan  bpom  nduduk usia  dg interval nyuntikan   "
"285"," hukum  ngambilan vaksin covid      wajib  golongan   ditetaan  hak "
"286"," coronavac   dikenal vaksin sinovac diijinkan  bpom  nduduk usia  dg interval nyuntikan   "
"287"," coronavac   dikenal vaksin sinovac diijinkan  bpom  nduduk usia  dg interval nyuntikan   "
"288"," hukum  ngambilan vaksin covid      wajib  golongan   ditetaan  hak "
"289"," coronavac   dikenal vaksin sinovac diijinkan  bpom  nduduk usia  dg interval nyuntikan   "
"290"," adakah vaksin covid   keda individu  rnah dijangkiti covid  komunikasikita  vaksincovid "
"291","  bekalan vaksin covid  dirolehi  komunikasikita  vaksincovid jabatanpenerangan "
"292"," bea cukai  memfasilitasi imrtasi vaksin covid tahaemt    rusahaan farmasi  cina s"
"293"," bpom ri dikabarkan  izin nggunaan vaksin covid buatan sinovacbiotech da lansia persetujuan  ter"
"294"," coronavac   dikenal vaksin sinovac diijinkan  bpom  nduduk usia  dg interval nyuntikan   "
"295"," hukum  ngambilan vaksin covid      wajib  golongan   ditetaan  hak "
"296"," coronavac   dikenal vaksin sinovac diijinkan  bpom  nduduk usia  dg interval nyuntikan   "
"297"," hukum  ngambilan vaksin covid      wajib  golongan   ditetaan  hak "
"298"," coronavac   dikenal vaksin sinovac diijinkan  bpom  nduduk usia  dg interval nyuntikan   "
"299"," coronavac   dikenal vaksin sinovac diijinkan  bpom  nduduk usia  dg interval nyuntikan   "
"300"," hukum  ngambilan vaksin covid      wajib  golongan   ditetaan  hak "
"301"," hukum  ngambilan vaksin covid      wajib  golongan   ditetaan  hak "
"302"," hukum  ngambilan vaksin covid      wajib  golongan   ditetaan  hak "
"303"," hukum  ngambilan vaksin covid      wajib  golongan   ditetaan  hak "
"304"," bpom ijinkan vaksin covid sinovac  lansia interval penyuntikan   "
"305"," hukum  ngambilan vaksin covid      wajib  golongan   ditetaan  hak "
"306"," proses nyediaan vaksin  rakyat malaysia  giat dijalankan   negara bebas  belenggu ndemik c"
"307"," hukum  ngambilan vaksin covid      wajib  golongan   ditetaan  hak "
"308"," hukum  ngambilan vaksin covid      wajib  golongan   ditetaan  hak "
"309","m  vaksin  bebas  covid "
"310"," hukum  ngambilan vaksin covid      wajib  golongan   ditetaan  hak "
"311"," hukum  ngambilan vaksin covid      wajib  golongan   ditetaan  hak "
"312"," hukum  ngambilan vaksin covid      wajib  golongan   ditetaan  hak "
"313"," hukum  ngambilan vaksin covid      wajib  golongan   ditetaan  hak "
"314"," hukum  ngambilan vaksin covid      wajib  golongan   ditetaan  hak "
"315"," hukum  ngambilan vaksin covid      wajib  golongan   ditetaan  hak "
"316"," hukum  ngambilan vaksin covid      wajib  golongan   ditetaan  hak "
"317","  wanita mengalami covid arm  mendat suntikan vaksin corona  kondisi akah  "
"318","bpom izinkan vaksin covid sinovac  lansia interval penyuntikan   "
"319"," hukum  ngambilan vaksin covid      wajib  golongan   ditetaan  hak "
"320"," hukum  ngambilan vaksin covid      wajib  golongan   ditetaan  hak "
"321"," coronavac   dikenal vaksin sinovac diijinkan  bpom  nduduk usia  dg interval nyuntikan   "
"322"," coronavac   dikenal vaksin sinovac diijinkan  bpom  nduduk usia  dg interval nyuntikan   "
"323"," mitos  vaksin      dirangi  informasi  faktual grab siaberkolaborasi  merintah"
"324"," bpom ijinkan vaksin covid sinovac  lansia interval penyuntikan   "
"325","bpom ijinkan vaksin covid sinovac  lansia interval penyuntikan   "
"326"," hukum  ngambilan vaksin covid      wajib  golongan   ditetaan  hak "
"327"," hukum  ngambilan vaksin covid      wajib  golongan   ditetaan  hak "
"328","layanan vaksin covid   tenaga kesehatan  puskesmas gentengkulon  vaksin asyik  sehat "
"329"," hukum  ngambilan vaksin covid      wajib  golongan   ditetaan  hak "
"330"," hukum  ngambilan vaksin covid      wajib  golongan   ditetaan  hak "
"331","  bekalan vaksin covid  dirolehi  komunikasikita  vaksincovid jabatanpenerangan "
"332"," hukum  ngambilan vaksin covid      wajib  golongan   ditetaan  hak "
"333"," hukum  ngambilan vaksin covid      wajib  golongan   ditetaan  hak "
"334"," bpom ri dikabarkan  izin nggunaan vaksin covid buatan sinovacbiotech da lansia persetujuan  ter"
"335"," hukum  ngambilan vaksin covid      wajib  golongan   ditetaan  hak "
"336"," hukum  ngambilan vaksin covid      wajib  golongan   ditetaan  hak "
"337"," hukum  ngambilan vaksin covid      wajib  golongan   ditetaan  hak "
"338"," coronavac   dikenal vaksin sinovac diijinkan  bpom  nduduk usia  dg interval nyuntikan   "
"339"," hukum  ngambilan vaksin covid      wajib  golongan   ditetaan  hak "
"340"," hukum  ngambilan vaksin covid      wajib  golongan   ditetaan  hak "
"341"," hukum  ngambilan vaksin covid      wajib  golongan   ditetaan  hak "
"342"," hukum  ngambilan vaksin covid      wajib  golongan   ditetaan  hak "
"343"," hukum  ngambilan vaksin covid      wajib  golongan   ditetaan  hak "
"344"," hukum  ngambilan vaksin covid      wajib  golongan   ditetaan  hak "
"345"," hukum  ngambilan vaksin covid      wajib  golongan   ditetaan  hak "
"346"," hukum  ngambilan vaksin covid      wajib  golongan   ditetaan  hak "
"347"," hukum  ngambilan vaksin covid      wajib  golongan   ditetaan  hak "
"348"," hukum  ngambilan vaksin covid      wajib  golongan   ditetaan  hak "
"349"," coronavac   dikenal vaksin sinovac diijinkan  bpom  nduduk usia  dg interval nyuntikan   "
"350"," vaksin covid astrazeneca    disuntikan  lansia vaksin  diroleh  kerjasama multilateral gavi co"
"351"," hukum  ngambilan vaksin covid      wajib  golongan   ditetaan  hak "
"352","kena  orang  marah  vaksin covid   dirjual belikan   vaksin tu sti a "
"353"," coronavac   dikenal vaksin sinovac diijinkan  bpom  nduduk usia  dg interval nyuntikan   "
"354"," hukum  ngambilan vaksin covid      wajib  golongan   ditetaan  hak "
"355"," hukum  ngambilan vaksin covid      wajib  golongan   ditetaan  hak "
"356"," vaksin covid astrazeneca    disuntikan  lansia vaksin  diroleh  kerjasama multilateral gavi co"
"357"," hukum  ngambilan vaksin covid      wajib  golongan   ditetaan  hak "
"358"," vaksin covid nggak  chinya  yuk  takut divaksin     akupsisiaivaksin "
"359"," hukum  ngambilan vaksin covid      wajib  golongan   ditetaan  hak "
"360"," hukum  ngambilan vaksin covid      wajib  golongan   ditetaan  hak "
"361"," hukum  ngambilan vaksin covid      wajib  golongan   ditetaan  hak "
"362"," hukum  ngambilan vaksin covid      wajib  golongan   ditetaan  hak "
"363"," hukum  ngambilan vaksin covid      wajib  golongan   ditetaan  hak "
"364"," hukum  ngambilan vaksin covid      wajib  golongan   ditetaan  hak "
"365"," hukum  ngambilan vaksin covid      wajib  golongan   ditetaan  hak "
"366"," hukum  ngambilan vaksin covid      wajib  golongan   ditetaan  hak "
"367"," hukum  ngambilan vaksin covid      wajib  golongan   ditetaan  hak "
"368"," keinget  statement mas  telat   telat  juta   rasio vaksin r harinya ma "
"369"," hukum  ngambilan vaksin covid      wajib  golongan   ditetaan  hak "
"370","  data brazil vaksin sinovac  efektif  dosis       dosis rtama ketimbang dgn inte"
"371"," hukum  ngambilan vaksin covid      wajib  golongan   ditetaan  hak "
"372"," utk plhiv  yg bru diaognos sila semak  bacaan cd korg dgn doktorfms yg berkaitan sblm mndkn vaksin covid"
"373"," hukum  ngambilan vaksin covid      wajib  golongan   ditetaan  hak "
"374"," hukum  ngambilan vaksin covid      wajib  golongan   ditetaan  hak "
"375"," hukum  ngambilan vaksin covid      wajib  golongan   ditetaan  hak "
"376"," hukum  ngambilan vaksin covid      wajib  golongan   ditetaan  hak "
"377","vaksin covid sinovac  pfizer memiliki harga  berbeda bunda simak njelasan  cari    l "
"378","  februari   vaksinator terima vaksin    fasa rtama program imunisasi covid kebangsaan "
"379"," hukum  ngambilan vaksin covid      wajib  golongan   ditetaan  hak "
"380"," hukum  ngambilan vaksin covid      wajib  golongan   ditetaan  hak "
"381"," mo jd hlawan dimasa ndemik  gak gaes    gw kasih tau ya cukurebahan santuy drumah s liburan njang "
"382"," dindemik gini alangkah baiknya menahan  utk  tunda knik dolo   mengurangi resiko tertular virus covid"
"383"," belajar  libur njang yg rnah dilewati   ndemik    lonjakan  terr virus covid ma"
"384"," perjuangan hamr thn  berjuang bertahan  ndemik covid iniprogram vaksin nasional  berjalan "
"385"," hukum  ngambilan vaksin covid      wajib  golongan   ditetaan  hak "
"386"," hukum  ngambilan vaksin covid      wajib  golongan   ditetaan  hak "
"387","    varian virus  menyebabkan covid   dunia    odusen vaksin  pf"
"388"," hukum  ngambilan vaksin covid      wajib  golongan   ditetaan  hak "
"389","  merayakan imlek  rumah     andil meredam nularan virus covid   ayo bantu pemerintah i"
"390"," cakenih meme   jadikan imlek mu bermakna  keluarga dirumah aja  rayakan   imlek   sesede"
"391","pemerintah korea selatan bersedia berbagi vaksin covid  gratis tan syarat an keda korea utara "
"392"," coronavac   dikenal vaksin sinovac diijinkan  bpom  nduduk usia  dg interval nyuntikan   "
"393","  pandemi lur        yoo    saudara saudaraku warga tionghoa am khonghucu selamat  raya"
"394"," tekan laju penularan covid kemenkes  masyarakat rayakan imlek  rumah    saudaraku  merayaka"
"395"," hukum  ngambilan vaksin covid      wajib  golongan   ditetaan  hak "
"396"," hukum  ngambilan vaksin covid      wajib  golongan   ditetaan  hak "
"397"," hukum  ngambilan vaksin covid      wajib  golongan   ditetaan  hak "
"398"," serti    himbaukan   rayaan imlek    dirayakan dgn  sederhana  terbata"
"399","direktur rs usulkan pasien gangguan jiwa  prioritas vaksin covid "
"400"," hukum  ngambilan vaksin covid      wajib  golongan   ditetaan  hak "
"401","   libur      lonjakan  covid    yuk   tangkal am redam"
"402","    tenaga tracing kontak  covid   tenaga tracing    sebar   kecamatan "
"403"," coronavac   dikenal vaksin sinovac diijinkan  bpom  nduduk usia  dg interval nyuntikan   "
"404"," hukum  ngambilan vaksin covid      wajib  golongan   ditetaan  hak "
"405","beredar surat bpom izinkan vaksin covid sinovac  lansia "
"406"," hukum  ngambilan vaksin covid      wajib  golongan   ditetaan  hak "
"407"," hukum  ngambilan vaksin covid      wajib  golongan   ditetaan  hak "
"408"," coronavac   dikenal vaksin sinovac diijinkan  bpom  nduduk usia  dg interval nyuntikan   "
"409","  vaksin covid      ncegah nularan   menurunkan simomatik "
"410"," hukum  ngambilan vaksin covid      wajib  golongan   ditetaan  hak "
"411"," coronavac   dikenal vaksin sinovac diijinkan  bpom  nduduk usia  dg interval nyuntikan   "
"412"," hukum  ngambilan vaksin covid      wajib  golongan   ditetaan  hak "
"413"," hukum  ngambilan vaksin covid      wajib  golongan   ditetaan  hak "
"414"," hukum  ngambilan vaksin covid      wajib  golongan   ditetaan  hak "
"415"," hukum  ngambilan vaksin covid      wajib  golongan   ditetaan  hak "
"416"," hukum  ngambilan vaksin covid      wajib  golongan   ditetaan  hak "
"417"," hukum  ngambilan vaksin covid      wajib  golongan   ditetaan  hak "
"418"," hukum  ngambilan vaksin covid      wajib  golongan   ditetaan  hak "
"419","sekda aceh desak nakes jalani vaksin covid "
"420"," hukum  ngambilan vaksin covid      wajib  golongan   ditetaan  hak "
"421"," hukum  ngambilan vaksin covid      wajib  golongan   ditetaan  hak "
"422"," hukum  ngambilan vaksin covid      wajib  golongan   ditetaan  hak "
"423"," hukum  ngambilan vaksin covid      wajib  golongan   ditetaan  hak "
"424"," hukum  ngambilan vaksin covid      wajib  golongan   ditetaan  hak "
"425"," simeulue via kal aceh hebat  gubernur  vaksin covid "
"426"," hukum  ngambilan vaksin covid      wajib  golongan   ditetaan  hak "
"427"," hukum  ngambilan vaksin covid      wajib  golongan   ditetaan  hak "
"428","kumlan guru  ndidik rlu  keutamaan  laksanaan program imunisasi covid kebangsaan   "
"429"," hukum  ngambilan vaksin covid      wajib  golongan   ditetaan  hak "
"430"," hukum  ngambilan vaksin covid      wajib  golongan   ditetaan  hak "
"431","drwahyudi kuncoro direktur rumah sakit islam universitas islam malang  vaksinasi    "
"432"," bpom ri dikabarkan  izin nggunaan vaksin covid buatan sinovacbiotech da lansia persetujuan  ter"
"433"," hukum  ngambilan vaksin covid      wajib  golongan   ditetaan  hak "
"434"," hukum  ngambilan vaksin covid      wajib  golongan   ditetaan  hak "
"435"," hukum  ngambilan vaksin covid      wajib  golongan   ditetaan  hak "
"436"," hukum  ngambilan vaksin covid      wajib  golongan   ditetaan  hak "
"437"," hukum  ngambilan vaksin covid      wajib  golongan   ditetaan  hak "
"438"," hukum  ngambilan vaksin covid      wajib  golongan   ditetaan  hak "
"439"," hukum  ngambilan vaksin covid      wajib  golongan   ditetaan  hak "
"440"," hukum  ngambilan vaksin covid      wajib  golongan   ditetaan  hak "
"441"," hukum  ngambilan vaksin covid      wajib  golongan   ditetaan  hak "
"442"," hukum  ngambilan vaksin covid      wajib  golongan   ditetaan  hak "
"443"," hukum  ngambilan vaksin covid      wajib  golongan   ditetaan  hak "
"444"," hukum  ngambilan vaksin covid      wajib  golongan   ditetaan  hak "
"445"," hukum  ngambilan vaksin covid      wajib  golongan   ditetaan  hak "
"446","hukum  ngambilan vaksin covid      wajib  golongan   ditetaan   "
"447","bpom ri dikabarkan  izin nggunaan vaksin covid buatan sinovacbiotech da lansia persetujuan terse "
"448"," vaksin covid  nting  mengurangkan kadar kematian  morbiditi ndemik covid   kalangan wa"
"449","  bekalan vaksin covid  dirolehi  komunikasikita  vaksincovid jabatanpenerangan "
"450"," adakah vaksin covid   keda individu  rnah dijangkiti covid  komunikasikita  vaksincovid "
"451","freert indonesia berniat memborong  ribu vaksin covid buatan sinovac "
"452","tercatat  tenaga kesehatan  terima suntikan vaksin covid dosis       d "
"453","bpom izinkan vaksin covid sinovac  lansia "
"454"," coronavac   dikenal vaksin sinovac diijinkan  bpom  nduduk usia  dg interval nyuntikan   "
"455"," dr  brharadg  rtisisi nakes yg  dlm vaksinasi covid d mnjadi contoh nyata  telada"
"456","   ndemi covid ra nderita nyakit nyerta komorbid serti nderita kanker   kelom"
"457"," dr  brharadg  rtisisi nakes yg  dlm vaksinasi covid d mnjadi contoh nyata  telada"
"458"," adakah vaksin covid   keda individu  rnah dijangkiti covid  komunikasikita  vaksincovid "
"459","  bekalan vaksin covid  dirolehi  komunikasikita  vaksincovid jabatanpenerangan "
"460"," coronavac   dikenal vaksin sinovac diijinkan  bpom  nduduk usia  dg interval nyuntikan   "
"461"," kementerian kesihatan kkm  bersedia  melaksanakan pelan imunisasi covid kebangsaan fasa rtama  bek"
"462"," coronavac   dikenal vaksin sinovac diijinkan  bpom  nduduk usia  dg interval nyuntikan   "
"463","dr  brharadg  rtisisi nakes yg  dlm vaksinasi covid d mnjadi contoh nyata  tel "
"464"," coronavac   dikenal vaksin sinovac diijinkan  bpom  nduduk usia  dg interval nyuntikan   "
"465"," coronavac   dikenal vaksin sinovac diijinkan  bpom  nduduk usia  dg interval nyuntikan   "
"466"," ah    dah disuntik vaksin    risau dah  janji  dah takkan dijangkiti covid"
"467"," perjuangan hamr thn  berjuang bertahan  ndemik covid iniprogram vaksin nasional  berjalan "
"468"," tekan laju penularan covid kemenkes  masyarakat rayakan imlek  rumah    saudaraku  merayaka"
"469","gue abis vaksin coviddari vaksin taha kemaren bawaannya lar mulu dah dah tau gue anak kosan yg  ng "
"470","  bekalan vaksin covid  dirolehi  komunikasikita  vaksincovid jabatanpenerangan "
"471"," adakah vaksin covid   keda individu  rnah dijangkiti covid  komunikasikita  vaksincovid "
"472","    bekalan vaksin covid  dirolehi  komunikasikita  vaksincovid jabatanp"
"473","   adakah vaksin covid   keda individu  rnah dijangkiti covid  k"
"474"," selamat siang   a langkah      mengalami reaksi alergi  disuntik vaksi"
"475"," vaksinasi mandiri  jalan ninja mencari cuan  ndemi   ide  vaksinasi mandiri   kadin disambut langsung"
"476","   paten virus tsb   virus sars sarscov  covid  sarsco "
"477","personil polres pasangkayu dimn  kabag o akp iswan mulyanto melaksanakan pengawalan terhadavaksin covid "
"478"," adakah vaksin covid   keda individu  rnah dijangkiti covid  komunikasikita  vaksincovid "
"479","  bekalan vaksin covid  dirolehi  komunikasikita  vaksincovid jabatanpenerangan "
"480","sekda aceh desak nakes jalani vaksin covid  "
"481"," coronavac   dikenal vaksin sinovac diijinkan  bpom  nduduk usia  dg interval nyuntikan   "
"482"," adakah vaksin covid   keda individu  rnah dijangkiti covid  komunikasikita  vaksincovid "
"483","  bekalan vaksin covid  dirolehi  komunikasikita  vaksincovid jabatanpenerangan "
"484"," kementerian kesihatan kkm  bersedia  melaksanakan pelan imunisasi covid kebangsaan fasa rtama  bek"
"485"," vaksin     indonesia ta   masyarakat  divaksinasi  a   terben"
"486"," pendirian kerajaan berdasarkan kenyataan pfizerbiontech   amaran bahawa tiada data  menyokong keselamatan"
"487","dokter lintas batas vaksin covid   negara kaya "
"488"," coronavac   dikenal vaksin sinovac diijinkan  bpom  nduduk usia  dg interval nyuntikan   "
"489","  unggahan menyesatkan  memrlihatkan tokoh masyarakat disuntik vaksin influenza     vaksin c"
"490","dokter lintas batas vaksin covid   negara kaya "
"491","sekda aceh desak nakes jalani vaksin covid "
"492"," cakenih meme   jadikan imlek mu bermakna  keluarga dirumah aja  rayakan   imlek   sesede"
"493","  merayakan imlek  rumah     andil meredam nularan virus covid   ayo bantu pemerintah i"
"494","   imlek sebentar   dirayakan masyarakat tionghoa   semoga    dirayakan  suasana b"
"495","  abdi negara ra tenaga kesehatan  berkewajiban menyukseskan ogram vaksinasi covid tahartama yan"
"496","  abdi negara ra tenaga kesehatan  berkewajiban menyukseskan ogram vaksinasi covid tahartama yan"
"497","  abdi negara ra tenaga kesehatan  berkewajiban menyukseskan ogram vaksinasi covid tahartama yan"
"498","    bekalan vaksin covid  dirolehi  komunikasikita  vaksincovid jabatanp"
"499","  bekalan vaksin covid  dirolehi  komunikasikita  vaksincovid jabatanpenerangan "
"500","   adakah vaksin covid   keda individu  rnah dijangkiti covid  k"
"501"," adakah vaksin covid   keda individu  rnah dijangkiti covid  komunikasikita  vaksincovid "
"502"," unggahan menyesatkan  memrlihatkan tokoh masyarakat disuntik vaksin influenza     va "
"503"," narasi  vaksin covid  kebal menghada virus  fakta vaksin butuh  membentuk antibodi  seseorg tdk te"
"504"," rakyat  vaksin covid dircet teta a  kerajaan pintu  tum  cetak bendera  senyabagi "
"505","jakarta pemerintah   vaksinasi covid terhada tenaga kesehatan nakes  taharta "
"506"," hai wargi bandung  vaksin covid   orang  titan    faktanya yah   sami"
"507"," aceh  vaksinasidimulai  nakessiaumahsakitsia   tenaga kesehatan  mengikuti vaksin  "
"508"," abdi negara ra tenaga kesehatan  berkewajiban menyukseskan ogram vaksinasi covid taharta "
"509"," kemenkes  menambah  tenaga tracing  lacakan yg  disebar   kecamatan unk dat  deteksi"
"510","onews  hadang infodemik beranikan vaksinasi  vaksin covid  sami  indonesia     "
"511"," narasi  vaksin covid  kebal menghada virus  fakta vaksin butuh  membentuk antibodi  seseorg tdk te"
"512"," selamat malam semut  dedy  akun fb mengunggah vaksin covid gratis   anggota bpjs   hoax  baca "
"513","kemenkes mengumumkan penyediaan  dosis vaksin covid   jam   total dosis   i "
"514"," seremoni  vaksinasi massal covid  memrlakukan vaksin sinovac bak dewa nyelamat   ciak"
"515"," cakenih meme   jadikan imlek mu bermakna  keluarga dirumah aja  rayakan   imlek   sesede"
"516","   mas yanuar gimana sih     jeda    injeksi rtama   injeksi"
"517","patroli  pemantauan  penyimpanan vaksin   akbp eka yekti hananto seno sik  ka spkt i polsek s "
"518"," selamat malam semut  dedy  akun fb mengunggah vaksin covid gratis   anggota bpjs   hoax  baca "
"519","   lawan pandemi  pengiriman vaksin direncanakan tahai   tahaii  vaksin gratis diroleh "
"520"," serti a fakta terkait   relawan vaksin sinovac  terinfeksi covid   selengkaya simak njelasan guru be"
"521","   lawan pandemi  pengiriman vaksin direncanakan tahai   tahaii  vaksin gratis diroleh "
"522","dosen prodi farmasi uin maliki malang ungkaformula  vaksin covid  timesindonesia "
"523","  merayakan imlek  rumah     andil meredam nularan virus covid   ayo bantu pemerintah i"
"524"," cakenih meme   jadikan imlek mu bermakna  keluarga dirumah aja  rayakan   imlek   sesede"
"525","   imlek sebentar   dirayakan masyarakat tionghoa   semoga    dirayakan  suasana b"
"526"," kalres buton utara akbp wasis santoso sik   sabtu  februari   melaksanakan vaksinasi covid ayo"
"527","ikutan sharing session online bareng health caring community yuk bahas    vaksin covid nih "
"528"," wakalres buton utara koml samuel simanjuntak sik   sabtu  februari   melaksanakan vaksinasi covid"
"529"," coronavac   dikenal vaksin sinovac diijinkan  bpom  nduduk usia  dg interval nyuntikan   "
"530"," adakah vaksin covid   keda individu  rnah dijangkiti covid  komunikasikita  vaksincovid "
"531","  bekalan vaksin covid  dirolehi  komunikasikita  vaksincovid jabatanpenerangan "
"532"," temubual  vaksin covid   nil  semoga bermanfaat link  htt"
"533"," salah menteri kesehatan thailand menangis  disuntik vaksin covid    menteri kesehatan thaliand anutin char"
"534"," salah menteri kesehatan thailand menangis  disuntik vaksin covid    menteri kesehatan thaliand anutin char"
"535"," adakah vaksin covid   keda individu  rnah dijangkiti covid  komunikasikita  vaksincovid "
"536","  bekalan vaksin covid  dirolehi  komunikasikita  vaksincovid jabatanpenerangan "
"537"," menunggu kehadiran vaksin covid  layanlah     vaksin d namknya  berkesa "
"538"," coronavac   dikenal vaksin sinovac diijinkan  bpom  nduduk usia  dg interval nyuntikan   "
"539"," diblikasi  kanal youtube south china morning post  judul chinese man scared of his first ever inj "
"540","salah menteri kesehatan thailand menangis  disuntik vaksin covid    menteri kesehatan thaliand anuti "
"541","kitamintalima  membenarkan solat  masjid tan  negeri   membincangkan isu covid  vaksin tan ejudis  bebas"
"542"," coronavac   dikenal vaksin sinovac diijinkan  bpom  nduduk usia  dg interval nyuntikan   "
"543"," adakah vaksin covid   keda individu  rnah dijangkiti covid  komunikasikita  vaksincovid "
"544","  bekalan vaksin covid  dirolehi  komunikasikita  vaksincovid jabatanpenerangan "
"545"," coronavac   dikenal vaksin sinovac diijinkan  bpom  nduduk usia  dg interval nyuntikan   "
"546","ngobrol bahas efikasi am keamanan vaksin covid  dr bimo a tejo  "
"547"," adakah vaksin covid   keda individu  rnah dijangkiti covid  komunikasikita  vaksincovid "
"548","  mas yanuar gimana sih     jeda    injeksi rtama  bole "
"549"," orang   menerima vaksin covid  indonesia r  feb    dosis rtama    "
"550"," coronavac   dikenal vaksin sinovac diijinkan  bpom  nduduk usia  dg interval nyuntikan   "
"551"," materi latihan vaksinasi covid  tenaga kesehatan   mberian vaksin covid  aman  efisie"
"552"," coronavac   dikenal vaksin sinovac diijinkan  bpom  nduduk usia  dg interval nyuntikan   "
"553","  warga  kabuten mimika paa  menerima suntikan vaksin covid sinovac  mencai  "
"554"," harakesannya kekal bernjanganlah "
"555","kementerian kesihatan kkm   juta cagari jenis low deadvolume   suntikan terhada r "
"556"," kemenkes  menambah  tenaga tracing  lacakan yg  disebar   kecamatan unk dat  deteksi"
"557"," vaksin     indonesia ta   masyarakat  divaksinasi  a   terben"
"558"," potret  mengikuti oses nyuntikan vaksin covid sinovac   rskia kota bandung jawa barat indonesia janua"
"559"," dindemik gini alangkah baiknya menahan  utk  tunda knik dolo   mengurangi resiko tertular virus covid"
"560"," federasi internasional palang merah   sabit merah ifrc  bahaya  meratanya distribusi vaksin co"
"561","harakesannya kekal bernjanganlah "
"562"," coronavac   dikenal vaksin sinovac diijinkan  bpom  nduduk usia  dg interval nyuntikan   "
"563","resns kaji selidik penerimaan vaksin covid "
"564"," coronavac   dikenal vaksin sinovac diijinkan  bpom  nduduk usia  dg interval nyuntikan   "
"565"," pendirian kerajaan berdasarkan kenyataan pfizerbiontech   amaran bahawa tiada data  menyokong keselamatan"
"566"," coronavac   dikenal vaksin sinovac diijinkan  bpom  nduduk usia  dg interval nyuntikan   "
"567","cegah covid    vaksin  vaksinasicovid disiincegahcovid amannusa lressoeng ldasulsel "
"568"," adakah vaksin covid   keda individu  rnah dijangkiti covid  komunikasikita  vaksincovid "
"569","  bekalan vaksin covid  dirolehi  komunikasikita  vaksincovid jabatanpenerangan "
"570","  bekalan vaksin covid  dirolehi  komunikasikita  vaksincovid jabatanpenerangan  perlismaju"
"571"," adakah vaksin covid   keda individu  rnah dijangkiti covid  komunikasikita  vaksincovid "
"572"," coronavac   dikenal vaksin sinovac diijinkan  bpom  nduduk usia  dg interval nyuntikan   "
"573"," coronavac   dikenal vaksin sinovac diijinkan  bpom  nduduk usia  dg interval nyuntikan   "
"574"," coronavac   dikenal vaksin sinovac diijinkan  bpom  nduduk usia  dg interval nyuntikan   "
"575","presiden fifa  pesekbola  prioritas penerima vaksin covid "
"576"," belajar  libur njang yg rnah dilewati   ndemik    lonjakan  terr virus covid ma"
"577"," sinovac  resmi  disetujui  regulator oduk medis china   masyarakat  "
"578","kela organisasi kesehatan dunia who ero hans kluge  haknya ihatin  akah vaksin covid "
"579"," coronavac   dikenal vaksin sinovac diijinkan  bpom  nduduk usia  dg interval nyuntikan   "
"580"," belajar  libur njang yg rnah dilewati   ndemik    lonjakan  terr virus covid ma"
"581"," coronavac   dikenal vaksin sinovac diijinkan  bpom  nduduk usia  dg interval nyuntikan   "
"582"," proses nyediaan vaksin  rakyat malaysia  giat dijalankan   negara bebas  belenggu ndemik c"
"583","   gebluk covid ra ilmuwan   dunia berusaha mengembangkan vaksin  maraknya disinformasi "
"584"," coronavac   dikenal vaksin sinovac diijinkan  bpom  nduduk usia  dg interval nyuntikan   "
"585"," mementingkan ncegahan "
"586","  februari   vaksinator terima vaksin    fasa rtama program imunisasi covid kebangsaan "
"587","  februari  tnb  jaminan tiada gangguan bekalan elektrik   lokasi nyimnan vaksin covid "
"588"," tekan laju penularan covid kemenkes  masyarakat rayakan imlek  rumah    saudaraku  merayaka"
"589","  vaksin comirnaty bertindak   tubuh badan bolehkan vaksin comirnaty mengubah dna  genetik "
"590","dilarkan  media  us   tim zook  ofesional kesihatan  as nyokong vaksin covid  setia "
"591"," coronavac   dikenal vaksin sinovac diijinkan  bpom  nduduk usia  dg interval nyuntikan   "
"592"," sinovac  resmi  disetujui  regulator oduk medis china   masyarakat  "
"593"," coronavac   dikenal vaksin sinovac diijinkan  bpom  nduduk usia  dg interval nyuntikan   "
"594"," kemenkes  menambah  tenaga tracing  lacakan yg  disebar   kecamatan unk dat  deteksi"
"595"," coronavac   dikenal vaksin sinovac diijinkan  bpom  nduduk usia  dg interval nyuntikan   "
"596"," sinovac  resmi  disetujui  regulator oduk medis china   masyarakat  "
"597"," adakah vaksin covid   keda individu  rnah dijangkiti covid  komunikasikita  vaksincovid "
"598","sinovac  resmi  disetujui  regulator oduk medis china   masyarakat  "
"599"," cakenih meme   jadikan imlek mu bermakna  keluarga dirumah aja  rayakan   imlek   sesede"
"600","   imlek sebentar   dirayakan masyarakat tionghoa   semoga    dirayakan  suasana b"
"601","  merayakan imlek  rumah     andil meredam nularan virus covid   ayo bantu pemerintah i"
"602","  bekalan vaksin covid  dirolehi  komunikasikita  vaksincovid jabatanpenerangan "
"603","    bekalan vaksin covid  dirolehi  komunikasikita  vaksincovid jabatanp"
"604","   adakah vaksin covid   keda individu  rnah dijangkiti covid  k"
"605"," coronavac   dikenal vaksin sinovac diijinkan  bpom  nduduk usia  dg interval nyuntikan   "
"606"," kena yg membantu  kafir komunis laknatulloh rusia   palestina dat  ribu dosis vaksin covid rusia  reblika"
"607"," coronavac   dikenal vaksin sinovac diijinkan  bpom  nduduk usia  dg interval nyuntikan   "
"608","kena yg membantu  kafir komunis laknatulloh rusia   palestina dat  ribu dosis vaksin covid rusia  "
"609"," coronavac   dikenal vaksin sinovac diijinkan  bpom  nduduk usia  dg interval nyuntikan   "
"610"," coronavac   dikenal vaksin sinovac diijinkan  bpom  nduduk usia  dg interval nyuntikan   "
"611","berita terkini direktur rs dadi usulkan pasien gangguan jiwa prioritas vaksin covid "
"612"," coronavac   dikenal vaksin sinovac diijinkan  bpom  nduduk usia  dg interval nyuntikan   "
"613"," coronavac   dikenal vaksin sinovac diijinkan  bpom  nduduk usia  dg interval nyuntikan   "
"614"," coronavac   dikenal vaksin sinovac diijinkan  bpom  nduduk usia  dg interval nyuntikan   "
"615","sinovac biotech  vaksin covid buatannya  resmi  mendatkan izin   blik ole "
"616"," coronavac   dikenal vaksin sinovac diijinkan  bpom  nduduk usia  dg interval nyuntikan   "
"617"," covid  indonesia bertambah  sien  covid vaksin sinovac satgascovid covidindonesia "
"618","sekda desak nakes jalani vaksincovid "
"619","sekda desak nakes jalani vaksincovid "
"620"," mementingkan ncegahan "
"621","   dicanangkan   nakes  luwu utara  disuntik vaksin covid   "
"622","   imlek sebentar   dirayakan masyarakat tionghoa   semoga    dirayakan  suasana b"
"623"," coronavac   dikenal vaksin sinovac diijinkan  bpom  nduduk usia  dg interval nyuntikan   "
"624"," terkonfirmasi covid  lamng timur bertambah   orang covid vaksin sinovac satgascovid "
"625"," coronavac   dikenal vaksin sinovac diijinkan  bpom  nduduk usia  dg interval nyuntikan   "
"626"," materi latihan vaksinasi covid  tenaga kesehatan   mberian vaksin covid  aman  efisie"
"627"," vaksin covid  lansia "
"628","   tersedia  usia     anak     menerima vaksin corona  dinilai rentan kritis"
"629"," lindungan dataibadi riset    bebera catatan  ruu pdp dibandingkan gd  c"
"630","covid  juta picagari khas  suntikan vaksin   "
"631"," coronavac   dikenal vaksin sinovac diijinkan  bpom  nduduk usia  dg interval nyuntikan   "
"632"," malu   tenaga kesehatan    disuntik vaksin covid  sekretaris daerah sekda aceh taqwallah"
"633","hai wargi bandung  vaksin covid   orang  titan    faktanya yah   s "
"634"," contoh south africa terksa beli vaksin covid oxfordastrazeneca  harga    mahal ber "
"635"," coronavac   dikenal vaksin sinovac diijinkan  bpom  nduduk usia  dg interval nyuntikan   "
"636"," coronavac   dikenal vaksin sinovac diijinkan  bpom  nduduk usia  dg interval nyuntikan   "
"637"," coronavac   dikenal vaksin sinovac diijinkan  bpom  nduduk usia  dg interval nyuntikan   "
"638"," materi latihan vaksinasi covid  tenaga kesehatan   mberian vaksin covid  aman  efisie"
"639","vatikan vaksin corona yg terbuat  sel janin aborsi  diterima  terbaru berita litan live"
"640","coronavac   dikenal vaksin sinovac diijinkan  bpom  nduduk usia  dg interval nyuntikan  "
"641","pj sekda solsel vaksin evektif putus mata rantai covid   pj sekretaris daerah kab solok selatan doni rahma "
"642","dinkes solsel distribusikan vaksin covid  faskes   dinas kesehatan kabuten solok selatan  solsel   "
"643"," materi latihan vaksinasi covid  tenaga kesehatan   mberian vaksin covid  aman  efisie"
"644"," solsel distribusikan vaksin sinovac covid  kecamatan  "
"645"," vaksin comirnaty bertindak   tubuh badan bolehkan vaksin comirnaty mengubah dna  genetik sese "
"646","  bekalan vaksin covid  dirolehi  komunikasikita  vaksincovid jabatanpenerangan "
"647","china izinkan penggunaan vaksin covid sinovac  masyarakat  "
"648"," tenaga kesehatan  koting sikka terima vaksin covid diawali camat koting gabriel ola      via "
"649","malu   tenaga kesehatan    disuntik vaksin covid  sekretaris daerah sekda aceh "
"650","  tenaga kesehatan  disuntik vaksin corona dosis   terbaru berita kontan live"
"651","   tersedia  usia     anak     menerima vaksin corona  dinilai rentan kritis"
"652","  bekalan vaksin covid  dirolehi  komunikasikita  vaksincovid jabatanpenerangan "
"653","pastikan vaksin covid aman polres sigi kawal pendistribusian   kecamantan  kabuten sigi "
"654","penerimaan vaksin covid    kota tebing  jumat   "
"655","  bekalan vaksin covid  dirolehi  komunikasikita  vaksincovid jabatanpenerangan "
"656"," adakah vaksin covid   keda individu  rnah dijangkiti covid  komunikasikita  vaksincovid "
"657","peninjauan pendistribusian vaksin covid  medan  tebing   "
"658","   tersedia  usia     anak     menerima vaksin corona  dinilai rentan kritis"
"659","   tersedia  usia     anak     menerima vaksin corona  dinilai rentan kritis"
"660","vaksin covid  lansia "
"661"," proses nyediaan vaksin  rakyat malaysia  giat dijalankan   negara bebas  belenggu ndemik c"
"662","  menghada ndemi covid masyarakat    mengandalkan vaksin   tertular virus corona ko"
"663"," sobat jak semoga     mendatkan giliran  vaksinasi covid ta     vaksi"
"664","    stocovid  m  personal hygiene  yg  jadikan kebudayaan ba "
"665"," dukung rcetan program vaksinasi nasional disin okes  meneraan m  ketat  kunci nanggulangan "
"666"," dukung rcetan program vaksinasi nasional disin okes  meneraan m  ketat  kunci nanggulangan "
"667","  tersedia  usia     anak     menerima vaksin corona  dinilai ren "
"668","  menghada ndemi covid masyarakat    mengandalkan vaksin   tertular virus corona ko"
"669","    muhammadiyah vaksinasi merukan ikhtiar  melawan wabah     dorongannya ad"
"670","buti tat nikson nababan tinjau pemberian vaksin covid perdana keda nakes   "
"671"," pendirian kerajaan berdasarkan kenyataan pfizerbiontech   amaran bahawa tiada data  menyokong keselamatan"
"672"," proses nyediaan vaksin  rakyat malaysia  giat dijalankan   negara bebas  belenggu ndemik c"
"673"," lindungan dataibadi riset    bebera catatan  ruu pdp dibandingkan gd  c"
"674"," pasien kanker dat menerima vaksin covid  tetadalam pengawasan medis "
"675"," pasien kanker dat menerima vaksin covid  tetadalam pengawasan medis "
"676"," pasien kanker dat menerima vaksin covid  tetadalam pengawasan medis "
"677"," lindungan dataibadi riset    bebera catatan  ruu pdp dibandingkan gd  c"
"678"," lindungan dataibadi riset    bebera catatan  ruu pdp dibandingkan gd  c"
"679"," resah   giliran mendat suntikan vaksin covid"
"680"," pasien kanker dat menerima vaksin covid  tetadalam pengawasan medis "
"681","pasien kanker dat menerima vaksin covid  tetadalam pengawasan medis "
"682"," vaksin n  gak jamin   terhindar ta at least  rlawanan   rah  yg ex c "
"683","lindungan dataibadi riset    bebera catatan  ruu pdp dibandingkan "
"684","  ndemi covid  rtanyaan misteri kalkulator bloomberg  gambaran singkat   dirlu"
"685","vaksinasi covid swedia berencana luncurkan pasr vaksin  bisnis   "
"686","vaksinasi covid swedia berencana luncurkan pasr vaksin bisnis "
"687"," plhiv serti   ambil vaksin covid   dr rlu  medical history    inshallah  "
"688"," kemenkes  menambah  tenaga tracing  lacakan yg  disebar   kecamatan unk dat  deteksi"
"689"," tenaga kesehatan puskesmas kecamatan pademangan  disuntik vaksin covid      down "
"690"," kemenkes  menambah  tenaga tracing  lacakan yg  disebar   kecamatan unk dat  deteksi"
"691","vaksin virus komunis tiongkok  covid lsu  dijual   ovinsi  kota  tiongkok   berw "
"692","  bekalan vaksin covid  dirolehi  komunikasikita  vaksincovid jabatanpenerangan "
"693"," adakah vaksin covid   keda individu  rnah dijangkiti covid  komunikasikita  vaksincovid "
"694","      akah  vaksin   menyeru masyarakat  samasama menerima suntikan vaksin covid nan"
"695"," vaksin virus komunis tiongkok  covid lsu  dijual   ovinsi  kota  tiongkok   berwenang ti"
"696","meskin biaya vaksin covid   jalur teknis berbeda  bervariasi tiongkok berkomitmen menjunjun "
"697"," belajar  libur njang yg rnah dilewati   ndemik    lonjakan  terr virus covid ma"
"698","materi latihan vaksinasi covid  tenaga kesehatan   mberian vaksin covid  aman  "
"699","  tenaga kesehatan  disuntik vaksin covid dosis   vaksincorona"
"700","melaksanakan kontrol vaksin covid  "
"701"," pilihan vaksin covid   "
"702","pasien kanker dat menerima vaksin covid  tetadalam pengawasan medis    indonesia"
"703","kamis  februari  pengamana vaksin covid        brimobuntukindonesia revandoko "
"704","kamis  februari  pengamana vaksin covid        brimobuntukindonesia revandoko "
"705","  bekalan vaksin covid  dirolehi  komunikasikita  vaksincovid jabatanpenerangan "
"706"," adakah vaksin covid   keda individu  rnah dijangkiti covid  komunikasikita  vaksincovid "
"707"," perjuangan hamr thn  berjuang bertahan  ndemik covid iniprogram vaksin nasional  berjalan "
"708"," dindemik gini alangkah baiknya menahan  utk  tunda knik dolo   mengurangi resiko tertular virus covid"
"709"," belajar  libur njang yg rnah dilewati   ndemik    lonjakan  terr virus covid ma"
"710"," mo jd hlawan dimasa ndemik  gak gaes    gw kasih tau ya cukurebahan santuy drumah s liburan njang "
"711","    nderita kanker  dat  vaksinasi   pasien   serangkaian meriksaan kese"
"712","   ndemi covid ra nderita nyakit nyerta komorbid serti nderita kanker   kelom"
"713"," menghada ndemi covid masyarakat    mengandalkan vaksin   tertular virus cor "
"714","  jenis vaksin corona  yg  efektif  terbaru berita bisnis"
"715","utk kerajaan tsmy   kesihatan     penyelaras vaksin     "
"716"," berdasarkan data merintah   tenaga kesehatan   sasaran vaksinasi covid  sabtu "
"717"," kemenkes  menambah  tenaga tracing  lacakan yg  disebar   kecamatan unk dat  deteksi"
"718"," kemenkes  menambah  tenaga tracing  lacakan yg  disebar   kecamatan unk dat  deteksi"
"719"," kemenkes  menambah  tenaga tracing  lacakan yg  disebar   kecamatan unk dat  deteksi"
"720","hindari penggunaan pereda nyeri preventif  disuntik vaksin covid "
"721"," pengambilan vaksin covid hukum  permasalahannya  klik   lindungdirilindungsemua "
"722"," adakah vaksin covid   keda individu  rnah dijangkiti covid  komunikasikita  vaksincovid "
"723","  bekalan vaksin covid  dirolehi  komunikasikita  vaksincovid jabatanpenerangan "
"724","beritaterkini pasien kanker dat menerima vaksin covid  tetadalam pengawasan medis  selengkaya "
"725","hallo kawanakurat sia nih   kebagian jadwal vaksin covid     kebagian  khawatir ya "
"726","   nderita kanker  dat  vaksinasi   pasien   serangkaian meriksaan k "
"727","  ndemi covid ra nderita nyakit nyerta komorbid serti nderita kanker   kel "
"728","pilihan vaksin covid   "
"729"," adakah vaksin covid   keda individu  rnah dijangkiti covid  komunikasikita  vaksincovid "
"730","aceh  vaksinasidimulai  nakessiaumahsakitsia   tenaga kesehatan  mengikuti vaksin  "
"731","  bekalan vaksin covid  dirolehi  komunikasikita  vaksincovid jabatanpenerangan "
"732"," kemenkes  menambah  tenaga tracing  lacakan yg  disebar   kecamatan unk dat  deteksi"
"733","   gebluk covid ra ilmuwan   dunia berusaha mengembangkan vaksin  maraknya disinformasi "
"734","sekda aceh desak nakes jalani vaksin covid "
"735"," vaksin virus komunis tiongkok  covid lsu  dijual   ovinsi  kota  tiongkok   berwenang ti"
"736","  merayakan imlek  rumah     andil meredam nularan virus covid   ayo bantu pemerintah i"
"737"," cakenih meme   jadikan imlek mu bermakna  keluarga dirumah aja  rayakan   imlek   sesede"
"738","   imlek sebentar   dirayakan masyarakat tionghoa   semoga    dirayakan  suasana b"
"739","wakalres buton utara koml samuel simanjuntak sik   sabtu  februari   melaksanakan vaksinas "
"740"," vaksin virus komunis tiongkok  covid lsu  dijual   ovinsi  kota  tiongkok   berwenang ti"
"741","volkan bozkir esiden sidang  majelis  pbb unga menerima dosis rtama vaksin covid da kamis  "
"742"," vaksin virus komunis tiongkok  covid lsu  dijual   ovinsi  kota  tiongkok   berwenang ti"
"743"," kemenkes  menambah  tenaga tracing  lacakan yg  disebar   kecamatan unk dat  deteksi"
"744","   imlek sebentar   dirayakan masyarakat tionghoa   semoga    dirayakan  suasana b"
"745","vaksin virus komunis tiongkok  covid lsu  dijual   ovinsi  kota  tiongkok   berw "
"746"," kemenkes  menambah  tenaga tracing  lacakan yg  disebar   kecamatan unk dat  deteksi"
"747"," program vaksinasi covid  indonesia  mam  da ratarata  ribu tenaga kesehatan r   tantan"
"748","  ndemi covid  rtanyaan misteri kalkulator bloomberg  gambaran singkat   dirlu"
"749"," vaksin     indonesia ta   masyarakat  divaksinasi  a   terben"
"750","  pandemi lur        yoo    saudara saudaraku warga tionghoa am khonghucu selamat  raya"
"751","  jenis vaksin covid    efektif "
"752","kalres buton utara akbp wasis santoso sik   sabtu  februari   melaksanakan vaksinasi covid "
"753"," tekan laju penularan covid kemenkes  masyarakat rayakan imlek  rumah    saudaraku  merayaka"
"754"," vaksin     indonesia ta   masyarakat  divaksinasi  a   terben"
"755"," serti    himbaukan   rayaan imlek    dirayakan dgn  sederhana  terbata"
"756","   libur      lonjakan  covid    yuk   tangkal am redam"
"757","    tenaga tracing kontak  covid   tenaga tracing    sebar   kecamatan "
"758","   imlek sebentar   dirayakan masyarakat tionghoa   semoga    dirayakan  suasana b"
"759","  orang   menerima vaksin covid  indonesia r  feb    dosis rtama    dosis"
"760"," cakenih meme   jadikan imlek mu bermakna  keluarga dirumah aja  rayakan   imlek   sesede"
"761","  merayakan imlek  rumah     andil meredam nularan virus covid   ayo bantu pemerintah i"
"762"," belajar  libur njang yg rnah dilewati   ndemik    lonjakan  terr virus covid ma"
"763"," dindemik gini alangkah baiknya menahan  utk  tunda knik dolo   mengurangi resiko tertular virus covid"
"764"," perjuangan hamr thn  berjuang bertahan  ndemik covid iniprogram vaksin nasional  berjalan "
"765"," mo jd hlawan dimasa ndemik  gak gaes    gw kasih tau ya cukurebahan santuy drumah s liburan njang "
"766","pembelajaran tatamuka ditolak guruguru  amerika serikat   mendatkan vaksin covid  enggan "
"767","progres pengembangan vaksin covid merah putih  kawalpresidenjokowi "
"768","vaksin sinovac  disetujui   masyarakat   regulator oduk medis china sinovac life scie "
"769"," kemenkes  menambah  tenaga tracing  lacakan yg  disebar   kecamatan unk dat  deteksi"
"770","  gebluk covid ra ilmuwan   dunia berusaha mengembangkan vaksin  maraknya disinform "
"771","data uji klinis tahartama am  vaksin covid buatan sinovac  keamanan  kelomk usia  at "
"772"," vaksin     indonesia ta   masyarakat  divaksinasi  a   terben"
"773","program vaksinasi covid  indonesia  mam  da ratarata  ribu tenaga kesehatan r   "
"774"," kemenkes  menambah  tenaga tracing  lacakan yg  disebar   kecamatan unk dat  deteksi"
"775"," kemenkes  menambah  tenaga tracing  lacakan yg  disebar   kecamatan unk dat  deteksi"
"776"," kemenkes  menambah  tenaga tracing  lacakan yg  disebar   kecamatan unk dat  deteksi"
"777"," kemenkes  menambah  tenaga tracing  lacakan yg  disebar   kecamatan unk dat  deteksi"
"778","polres lingga kawal pendistribusian vaksin covid "
"779","vaksin covid  mengurangi penyebaran virus corona   ahli   corona korona"
"780"," kemenkes  menambah  tenaga tracing  lacakan yg  disebar   kecamatan unk dat  deteksi"
"781","kemenkes  menambah  tenaga tracing  lacakan yg  disebar   kecamatan unk dat  d "
"782","    tenaga tracing kontak  covid   tenaga tracing    sebar   kecamatan "
"783","   libur      lonjakan  covid    yuk   tangkal am redam"
"784","    fry  a  obat  jamu obat  jamu  dicekkan  bm i "
"785","  orang   menerima vaksin covid  indonesia r  feb    dosis rtama    dosis"
"786","  merayakan imlek  rumah     andil meredam nularan virus covid   ayo bantu pemerintah i"
"787"," cakenih meme   jadikan imlek mu bermakna  keluarga dirumah aja  rayakan   imlek   sesede"
"788","   imlek sebentar   dirayakan masyarakat tionghoa   semoga    dirayakan  suasana b"
"789"," berdasarkan data merintah   tenaga kesehatan   sasaran vaksinasi covid  sabtu "
"790"," fatwa mui nomor     produk vaksin covid  sinovac life science co ltd china  pt "
"791","vaksinasi covid   vaksinadalah bahan antigen    menghasilkan kekebalan terhadasuatu nya "
"792","  orang  jerman meninggal  vaksin covid  beredar informasi  media sosial facebook    "
"793","inggrisjerman kembangkan vaksin khusus  lawan varian  covid   "
"794","berdasarkan data merintah   tenaga kesehatan   sasaran vaksinasi covid  sabtu  "
"795","  orang   menerima vaksin covid  indonesia r  feb    dosis rtama    dosis"
"796","   imlek sebentar   dirayakan masyarakat tionghoa   semoga    dirayakan  suasana b"
"797","video  nakes  maros nangis histeris  disuntik vaksin covid  "
"798"," mo jd hlawan dimasa ndemik  gak gaes    gw kasih tau ya cukurebahan santuy drumah s liburan njang "
"799"," dindemik gini alangkah baiknya menahan  utk  tunda knik dolo   mengurangi resiko tertular virus covid"
"800"," belajar  libur njang yg rnah dilewati   ndemik    lonjakan  terr virus covid ma"
"801","   adakah vaksin covid   keda individu  rnah dijangkiti covid  k"
"802","    bekalan vaksin covid  dirolehi  komunikasikita  vaksincovid jabatanp"
"803"," serti    himbaukan   rayaan imlek    dirayakan dgn  sederhana  terbata"
"804"," mo jd hlawan dimasa ndemik  gak gaes    gw kasih tau ya cukurebahan santuy drumah s liburan njang "
"805"," dindemik gini alangkah baiknya menahan  utk  tunda knik dolo   mengurangi resiko tertular virus covid"
"806"," belajar  libur njang yg rnah dilewati   ndemik    lonjakan  terr virus covid ma"
"807"," mo jd hlawan dimasa ndemik  gak gaes    gw kasih tau ya cukurebahan santuy drumah s liburan njang "
"808"," perjuangan hamr thn  berjuang bertahan  ndemik covid iniprogram vaksin nasional  berjalan "
"809"," kkm kesan variasi b virus covid teta   uk virus dikesan da warganegara  lang  uae   b"
"810","  merayakan imlek  rumah     andil meredam nularan virus covid   ayo bantu pemerintah i"
"811"," cakenih meme   jadikan imlek mu bermakna  keluarga dirumah aja  rayakan   imlek   sesede"
"812","babinsa koramil pasean pantau vaksin covid   puskesmas "
"813","produksi vaksin covid tahakedua "
"814"," ndemi covid  rtanyaan misteri kalkulator bloomberg  gambaran singkat   d "
"815","produksi vaksin covid tahakedua "
"816","vaksin covid    sehat   tenaga kesehatan indonesia  "
"817","produksi vaksin covid tahakedua "
"818"," proses nyediaan vaksin  rakyat malaysia  giat dijalankan   negara bebas  belenggu ndemik c"
"819","produksi vaksin covid tahakedua "
"820","produksi vaksin covid tahakedua "
"821","produksi vaksin covid tahakedua "
"822"," mo jd hlawan dimasa ndemik  gak gaes    gw kasih tau ya cukurebahan santuy drumah s liburan njang "
"823"," perjuangan hamr thn  berjuang bertahan  ndemik covid iniprogram vaksin nasional  berjalan "
"824","  februari   vaksinator terima vaksin    fasa rtama program imunisasi covid kebangsaan "
"825"," dindemik gini alangkah baiknya menahan  utk  tunda knik dolo   mengurangi resiko tertular virus covid"
"826","  februari   vaksinator terima vaksin    fasa rtama program imunisasi covid kebangsaan "
"827","sekda aceh desak nakes jalani vaksin covid selengkaya "
"828"," mo jd hlawan dimasa ndemik  gak gaes    gw kasih tau ya cukurebahan santuy drumah s liburan njang "
"829"," dindemik gini alangkah baiknya menahan  utk  tunda knik dolo   mengurangi resiko tertular virus covid"
"830"," belajar  libur njang yg rnah dilewati   ndemik    lonjakan  terr virus covid ma"
"831","  bekalan vaksin covid  dirolehi  komunikasikita  vaksincovid jabatanpenerangan "
"832"," adakah vaksin covid   keda individu  rnah dijangkiti covid  komunikasikita  vaksincovid "
"833","   februari  tercatat  nakes  divaksin covid diklaim kementerian kesehatan ri mencaku rse"
"834"," jokowi tolong hentikan who   vaksin  atasi covid "
"835"," proses nyediaan vaksin  rakyat malaysia  giat dijalankan   negara bebas  belenggu ndemik c"
"836"," belajar  libur njang yg rnah dilewati   ndemik    lonjakan  terr virus covid ma"
"837","  februari  tercatat  nakes  divaksin covid diklaim kementerian kesehatan ri mencaku "
"838","  disuntik vaksin wakil wali kota dek terr covid "
"839","  ilmu  ndekatan  mesti diteraan "
"840"," ilmu  ndekatan  mesti diteraan "
"841"," korea utara  melarkan   covid ta  menerima   juta dosis vaksin "
"842","  bekalan vaksin covid  dirolehi  komunikasikita  vaksincovid jabatanpenerangan "
"843"," degdegan  live bareng dr bimo ngebahas vaksin covid  yuk     nitidi link  "
"844"," adakah vaksin covid   keda individu  rnah dijangkiti covid  komunikasikita  vaksincovid "
"845"," mendukung kegiatan vaksinasi covid komandan koramil mb kaen inf syaiful anwar  babinsa  "
"846"," mo jd hlawan dimasa ndemik  gak gaes    gw kasih tau ya cukurebahan santuy drumah s liburan njang "
"847","psbb done ppkm done  abis  langsung lomt  vaksin  skrg weekend lockdown done  ta tes massalnya ka "
"848","siasiasemua pns kades  perangkat desa  dprd  sragen   disuntik vaksin covid  jogl "
"849","  kte baca berita  negara yg mati seles disuntik vaksin covid  a ndat dr  "
"850","  pandemi lur        yoo    saudara saudaraku warga tionghoa am khonghucu selamat  raya"
"851","  pandemi lur        yoo    saudara saudaraku warga tionghoa am khonghucu selamat  raya"
"852"," tekan laju penularan covid kemenkes  masyarakat rayakan imlek  rumah    saudaraku  merayaka"
"853"," belajar  libur njang yg rnah dilewati   ndemik    lonjakan  terr virus covid ma"
"854"," mo jd hlawan dimasa ndemik  gak gaes    gw kasih tau ya cukurebahan santuy drumah s liburan njang "
"855"," perjuangan hamr thn  berjuang bertahan  ndemik covid iniprogram vaksin nasional  berjalan "
"856","pekan den  pejabat morotai menerima vaksin covid  timesindonesia ketahananinformasi indonesiabangkit"
"857","kemenkes mengumumkan pemberian  dosis vaksin covid   jam    total   "
"858"," vaksin stnik v buatan rusia efektif   melawan nyakit covid temdunia "
"859"," adakah vaksin covid   keda individu  rnah dijangkiti covid  komunikasikita  vaksincovid "
"860","tenaga kesehatan tni siamembantu vaksinasi covid  nakes vaksin vaksinasicovid vaksinhalal tni "
"861","siasiasemua pns kades  perangkat desa  dprd  sragen   disuntik vaksin covid catat i "
"862","  bekalan vaksin covid  dirolehi  komunikasikita  vaksincovid jabatanpenerangan "
"863"," adakah vaksin covid   keda individu  rnah dijangkiti covid  komunikasikita  vaksincovid "
"864","yoai menghadiri acara ringatan world day cancer  da kamis    ogram webinar vaksin covid "
"865","      vaksin covid   cek infografis    "
"866","  bekalan vaksin covid  dirolehi  komunikasikita  vaksincovid jabatanpenerangan  perlismaju"
"867"," adakah vaksin covid   keda individu  rnah dijangkiti covid  komunikasikita  vaksincovid "
"868","  bekalan vaksin covid  dirolehi  komunikasikita  vaksincovid jabatanpenerangan "
"869"," adakah vaksin covid   keda individu  rnah dijangkiti covid  komunikasikita  vaksincovid "
"870","kota tebing  terima  vaksin corona  terbaru aktual berita live"
"871"," amnya  orang  dunia  bahawa covid  ni  virus    muncul da    vir "
"872","bhabinkamtibmas kel hegarsari bria one suherman  anggota  tersin melaksanakan kegiatan pengamanan pe "
"873","bhabinkamtibmas kel hegarsari bria one suherman  anggota  tersin melaksanakan kegiatan pengamanan pe "
"874","bhabinkamtibmas kel hegarsari bria one suherman  anggota  tersin melaksanakan kegiatan pengamanan pe "
"875","bhabinkamtibmas kel hegarsari bria one suherman  anggota  tersin melaksanakan kegiatan pengamanan pe "
"876","vaksin  otokol kesehatan  lengka  oteksi terhadacovid   news jawa barat "
"877"," adakah vaksin covid   keda individu  rnah dijangkiti covid  komunikasikita  vaksincovid "
"878","  orang   menerima vaksin covid  indonesia r  feb    dosis rtama    dosis"
"879","mt pakuan juara memrsembahkan    vaksin  ikhtiar mengendalikan pandemi covid   sunday  february "
"880"," menteri penyelaras program imunisasi covid kebangsaan khairy jamaluddin digesa  menggerakkan kemn  vaksin"
"881","kegiatan koramil bintuni melaksanakan pembagian masker  mensosialisasikan vaksin covid    bintuni  ko "
"882"," dindemik gini alangkah baiknya menahan  utk  tunda knik dolo   mengurangi resiko tertular virus covid"
"883"," mo jd hlawan dimasa ndemik  gak gaes    gw kasih tau ya cukurebahan santuy drumah s liburan njang "
"884","berita dikutidari    jakarta  bebera efek samng vaksin covid    a "
"885"," penjelasan pemerintah   juta data  covid   dilarkan  resmi   luhut "
"886"," mo jd hlawan dimasa ndemik  gak gaes    gw kasih tau ya cukurebahan santuy drumah s liburan njang "
"887","  persen nakes tabanandisuntikvaksin covid "
"888","presiden tanzania tolak vaksin covid klaim ditolong tuhan  enggan  kelinci percobaan "
"889","kanit binmas polsek wanasaba melaksanakan pam pengamanan vaksin covid   puskesmas wanasaba sabtu   "
"890","  orang   menerima vaksin covid  indonesia r  feb    dosis rtama    dosis"
"891","  orang   menerima vaksin covid  indonesia r  feb    dosis rtama    dosis"
"892","bergaya santai kabag wartala terima suntik vaksin covid tahapertama "
"893","kota tebing  terima  vaksin covid  "
"894"," dindemik gini alangkah baiknya menahan  utk  tunda knik dolo   mengurangi resiko tertular virus covid"
"895","danrem wira sakti terima vaksin covid tahadua "
"896","  orang   menerima vaksin covid  indonesia r  feb    dosis rtama    dosis"
"897","  orang   menerima dosis rtama vaksin covid  indonesia r  jan    data tanggal  j"
"898","  orang   menerima vaksin covid  indonesia r  feb    dosis rtama    dosis"
"899","kegiatan koramil persiapan tomu  himbauan protokol kesehatan  sosialisasi vaksin covid  komplek pert "
"900","  orang   menerima vaksin covid  indonesia r  feb    dosis rtama    dosis"
"901","  orang   menerima vaksin covid  indonesia r  feb    dosis rtama    dosis"
"902"," orang   menerima vaksin covid  indonesia r  feb    dosis rtama    "
"903"," dindemik gini alangkah baiknya menahan  utk  tunda knik dolo   mengurangi resiko tertular virus covid"
"904","mesti nak datkan suntikan vaksin covid tu mahal  kosnya "
"905","penyintas covid alami efek samng  berat  suntik vaksin covid  "
"906"," dindemik gini alangkah baiknya menahan  utk  tunda knik dolo   mengurangi resiko tertular virus covid"
"907","organisasi kesehatan dunia who da jumat   odusen vaksin covid  meningkatkan oduksi seca "
"908","dukung rcetan program vaksinasi nasional disin okes  meneraan m  ketat  kunci nanggu "
"909","dukung rcetan program vaksinasi nasional disin okes  meneraan m  ketat  kunci nanggu "
"910","   distribusi vaksin ebola  butuh storage dg suhu sur dingin berhasil menjangkau ribu orang  afri"
"911","  bekalan vaksin covid  dirolehi  komunikasikita  vaksincovid jabatanpenerangan "
"912"," adakah vaksin covid   keda individu  rnah dijangkiti covid  komunikasikita  vaksincovid "
"913","dukung rcetan program vaksinasi nasional disin okes  meneraan m  ketat  kunci nanggu "
"914","  satukan visi  merintahan esiden jokowi  fokus menangani ndemi covid  alagi   "
"915","kalsek banjaran pimn giat pengamanan  pengawalan pendistribusian vaksin covid     "
"916"," mo jd hlawan dimasa ndemik  gak gaes    gw kasih tau ya cukurebahan santuy drumah s liburan njang "
"917"," dindemik gini alangkah baiknya menahan  utk  tunda knik dolo   mengurangi resiko tertular virus covid"
"918"," belajar  libur njang yg rnah dilewati   ndemik    lonjakan  terr virus covid ma"
"919"," perjuangan hamr thn  berjuang bertahan  ndemik covid iniprogram vaksin nasional  berjalan "
"920"," mo jd hlawan dimasa ndemik  gak gaes    gw kasih tau ya cukurebahan santuy drumah s liburan njang "
"921","walikota tebing  jemt vaksin covid   via  "
"922"," belajar  libur njang yg rnah dilewati   ndemik    lonjakan  terr virus covid ma"
"923","  merayakan imlek  rumah     andil meredam nularan virus covid   ayo bantu pemerintah i"
"924"," cakenih meme   jadikan imlek mu bermakna  keluarga dirumah aja  rayakan   imlek   sesede"
"925","   imlek sebentar   dirayakan masyarakat tionghoa   semoga    dirayakan  suasana b"
"926"," belajar  libur njang yg rnah dilewati   ndemik    lonjakan  terr virus covid ma"
"927"," proses nyediaan vaksin  rakyat malaysia  giat dijalankan   negara bebas  belenggu ndemik c"
"928"," vaksin covid  disuntikkan keda presiden  da tanggal     rsis  vaksin covid"
"929","penambahan  covid  lamng  meningkat    nurunan   aktif   "
"930","penjualan motor   bergairah berkat distribusi vaksin covid  bola akurat covid covid "
"931","   tenaga kesehatan  provinsi banten gagal vaksin covid   penuhi syarat  warta kota "
"932"," mo jd hlawan dimasa ndemik  gak gaes    gw kasih tau ya cukurebahan santuy drumah s liburan njang "
"933","dukung rcetan program vaksinasi nasional disin okes  meneraan m  ketat  kunci nanggu "
"934","dukung rcetan program vaksinasi nasional disin okes  meneraan m  ketat  kunci nanggu "
"935","dukung rcetan program vaksinasi nasional disin okes  meneraan m  ketat  kunci nanggu "
"936"," belajar  libur njang yg rnah dilewati   ndemik    lonjakan  terr virus covid ma"
"937","dukung rcetan program vaksinasi nasional disin okes  meneraan m  ketat  kunci nanggu "
"938","dukung rcetan program vaksinasi nasional disin okes  meneraan m  ketat  kunci nanggu "
"939","dukung rcetan program vaksinasi nasional disin okes  meneraan m  ketat  kunci nanggu "
"940","dukung rcetan program vaksinasi nasional disin okes  meneraan m  ketat  kunci nanggu "
"941"," proses nyediaan vaksin  rakyat malaysia  giat dijalankan   negara bebas  belenggu ndemik c"
"942"," mo jd hlawan dimasa ndemik  gak gaes    gw kasih tau ya cukurebahan santuy drumah s liburan njang "
"943","  februari  program imunisasi covid kebangsaan    memnyai sebarang soalan  keraguan  vaksin  prog"
"944"," mo jd hlawan dimasa ndemik  gak gaes    gw kasih tau ya cukurebahan santuy drumah s liburan njang "
"945","stomenyebarkan hoax terkait vaksin covid dukungvaksinasi "
"946","   vaksinasicovid  hukum vaksinasi  annadab  mandub   fardhu    vaksin  a"
"947"," proses nyediaan vaksin  rakyat malaysia  giat dijalankan   negara bebas  belenggu ndemik c"
"948"," belajar  libur njang yg rnah dilewati   ndemik    lonjakan  terr virus covid ma"
"949"," bhdunia vaksin covid dihasilkan  sinovac  sinoarm   emt vaksin  da ringkat  maju"
"950"," dindemik gini alangkah baiknya menahan  utk  tunda knik dolo   mengurangi resiko tertular virus covid"
"951","assalamualaikum sahabat sehat   keraguan  keamanan mutu  kehalalan vaksin covid  dig "
"952","muncul gerakan tolak vaksin covid  pamekasan dinkes meresns  provokator ditindak  "
"953"," dindemik gini alangkah baiknya menahan  utk  tunda knik dolo   mengurangi resiko tertular virus covid"
"954","   imlek sebentar   dirayakan masyarakat tionghoa   semoga    dirayakan  suasana b"
"955"," perjuangan hamr thn  berjuang bertahan  ndemik covid iniprogram vaksin nasional  berjalan "
"956"," mo jd hlawan dimasa ndemik  gak gaes    gw kasih tau ya cukurebahan santuy drumah s liburan njang "
"957","  merayakan imlek  rumah     andil meredam nularan virus covid   ayo bantu pemerintah i"
"958","pelan imunisasi covid kebangsaan fasa rtama   orang frontliners  dilaksanakan sejurus sahaja b "
"959"," belajar  libur njang yg rnah dilewati   ndemik    lonjakan  terr virus covid ma"
"960"," mo jd hlawan dimasa ndemik  gak gaes    gw kasih tau ya cukurebahan santuy drumah s liburan njang "
"961","  bekalan vaksin covid  dirolehi  komunikasikita  vaksincovid jabatanpenerangan "
"962","   imlek sebentar   dirayakan masyarakat tionghoa   semoga    dirayakan  suasana b"
"963"," cakenih meme   jadikan imlek mu bermakna  keluarga dirumah aja  rayakan   imlek   sesede"
"964"," tekan laju penularan covid kemenkes  masyarakat rayakan imlek  rumah    saudaraku  merayaka"
"965","  pandemi lur        yoo    saudara saudaraku warga tionghoa am khonghucu selamat  raya"
"966","  merayakan imlek  rumah     andil meredam nularan virus covid   ayo bantu pemerintah i"
"967"," dindemik gini alangkah baiknya menahan  utk  tunda knik dolo   mengurangi resiko tertular virus covid"
"968","    tenaga tracing kontak  covid   tenaga tracing    sebar   kecamatan "
"969"," belajar  libur njang yg rnah dilewati   ndemik    lonjakan  terr virus covid ma"
"970"," perjuangan hamr thn  berjuang bertahan  ndemik covid iniprogram vaksin nasional  berjalan "
"971","bhdunia vaksin covid dihasilkan  sinovac  sinoarm   emt vaksin  da ringkat sa "
"972"," belajar  libur njang yg rnah dilewati   ndemik    lonjakan  terr virus covid ma"
"973","vaksin buatan astrazeneca  oxford diklaim efektif lawan varian  covid inggris "
"974"," perjuangan hamr thn  berjuang bertahan  ndemik covid iniprogram vaksin nasional  berjalan "
"975"," mo jd hlawan dimasa ndemik  gak gaes    gw kasih tau ya cukurebahan santuy drumah s liburan njang "
"976"," belajar  libur njang yg rnah dilewati   ndemik    lonjakan  terr virus covid ma"
"977"," dindemik gini alangkah baiknya menahan  utk  tunda knik dolo   mengurangi resiko tertular virus covid"
"978","mo jd hlawan dimasa ndemik  gak gaes    gw kasih tau ya cukurebahan santuy drumah s liburan n "
"979"," belajar  libur njang yg rnah dilewati   ndemik    lonjakan  terr virus covid ma"
"980"," belajar  libur njang yg rnah dilewati   ndemik    lonjakan  terr virus covid ma"
"981"," dindemik gini alangkah baiknya menahan  utk  tunda knik dolo   mengurangi resiko tertular virus covid"
"982","  merayakan imlek  rumah     andil meredam nularan virus covid   ayo bantu pemerintah i"
"983","   imlek sebentar   dirayakan masyarakat tionghoa   semoga    dirayakan  suasana b"
"984","  merayakan imlek  rumah     andil meredam nularan virus covid   ayo bantu pemerintah i"
"985","   imlek sebentar   dirayakan masyarakat tionghoa   semoga    dirayakan  suasana b"
"986","ayo disiplin pakai masker  bhabinkamtibmas kel mangge aiu zaenal arifin mengajak warga binaanya  disiin p "
"987"," cakenih meme   jadikan imlek mu bermakna  keluarga dirumah aja  rayakan   imlek   sesede"
"988","dr adham baba  menerusi fasa rtama seramai enam juta orang   divaksin      kal "
"989"," dindemik gini alangkah baiknya menahan  utk  tunda knik dolo   mengurangi resiko tertular virus covid"
"990"," belajar  libur njang yg rnah dilewati   ndemik    lonjakan  terr virus covid ma"
"991"," dindemik gini alangkah baiknya menahan  utk  tunda knik dolo   mengurangi resiko tertular virus covid"
"992"," perjuangan hamr thn  berjuang bertahan  ndemik covid iniprogram vaksin nasional  berjalan "
"993"," belajar  libur njang yg rnah dilewati   ndemik    lonjakan  terr virus covid ma"
"994"," belajar  libur njang yg rnah dilewati   ndemik    lonjakan  terr virus covid ma"
"995","akah anakanak   aman   vaksin covid "
"996","  sulit merubah mindsex masyarakat   teror wuhan beru narasi  video berhasil  ketakutan m"
"997","  merayakan imlek  rumah     andil meredam nularan virus covid   ayo bantu pemerintah i"
"998"," cakenih meme   jadikan imlek mu bermakna  keluarga dirumah aja  rayakan   imlek   sesede"
"999","   imlek sebentar   dirayakan masyarakat tionghoa   semoga    dirayakan  suasana b"
"1000","belajar  libur njang yg rnah dilewati   ndemik    lonjakan  terr virus covid "
